Species;Place;Room;Ring;Date_BMR;Slide;IL6;Experiment;FoxBox;Exp;Mix;DPI_BMR;Mass;BMRbasedOnRealRQ;MassSpecificBMR;MeanBMRO2fixRQ;RQ;Channel;FirstMeasurement;Total_erythrocytes;Parasitised_erythrocytes;Parasitemia;DPI_Parasitemia;Date_blood;Temperature;Survival
Passer domesticus;Rybachy;Sparta;KS30639;NA;392;"7,66";Exp_1;NA;1;SingleLine;NA;NA;NA;NA;NA;NA;NA;NA;0;0;0;0;19.08.2021;NA;No
Passer domesticus;Rybachy;Sparta;KS30646;NA;393;"13,83";mix;NA;1;MixedLines;NA;NA;NA;NA;NA;NA;NA;NA;0;0;0;0;19.08.2021;NA;Yes
Passer domesticus;Rybachy;Sparta;KS30672;18.08.2021;394;"7,25";Exp_1;Old;1;SingleLine;-1;"25,32";"35,37009523";"2,921899128";"35,42081527";"0,765343544";5;1;0;0;0;0;19.08.2021;norm;Yes
Passer domesticus;Rybachy;Sparta;KS30681;18.08.2021;395;"7,6";Exp_1;Old;1;SingleLine;-1;"24,19";"33,4952084";"2,880391331";"33,51580641";"0,786635765";4;0;0;0;0;0;19.08.2021;norm;Yes
Passer domesticus;Rybachy;Sparta;KS30660;18.08.2021;396;"7,67";Exp_1;Old;1;SingleLine;-1;"24,62";"39,02767109";"3,316622307";"39,0852744";"0,764287887";3;0;0;0;0;0;19.08.2021;norm;Yes
Passer domesticus;Rybachy;Sparta;KS30680;18.08.2021;397;"6,54";Exp_1;Old;1;SingleLine;-1;"24,74";"37,38742539";"3,162990105";"37,44462572";"0,762861055";2;0;0;0;0;0;19.08.2021;norm;Yes
Passer domesticus;Rybachy;Sparta;KS30676;18.08.2021;398;"6,9";Exp_1;Old;1;SingleLine;-1;"28,4";"41,29175743";"3,050008123";"41,36894776";"0,754127047";8;0;0;0;0;0;19.08.2021;norm;Yes
Passer domesticus;Rybachy;Sparta;KS30640;18.08.2021;399;"7,11";Exp_1;Old;1;SingleLine;-1;"26,16";"36,31751566";"2,897704864";"36,35815986";"0,773505356";7;0;0;0;0;0;19.08.2021;norm;Yes
Passer domesticus;Rybachy;Sparta;KS30669;18.08.2021;400;"5,6";Exp_1;Old;1;SingleLine;-1;"25,84";"45,05898214";"3,644691589";"45,11864065";"0,768196859";6;0;0;0;0;0;19.08.2021;norm;Yes
Passer domesticus;Rybachy;Siskinary;KS30667;NA;401;"11,76";Exp_1;NA;1;SingleLine;NA;NA;NA;NA;NA;NA;NA;NA;0;0;0;0;19.08.2021;NA;Yes
Passer domesticus;Rybachy;Siskinary;KS30658;NA;402;"5,33";Exp_1;NA;1;SingleLine;NA;NA;NA;NA;NA;NA;NA;NA;0;0;0;0;19.08.2021;NA;Yes
Passer domesticus;Rybachy;Siskinary;KS30622;NA;403;"8,62";Exp_1;NA;1;SingleLine;NA;NA;NA;NA;NA;NA;NA;NA;0;0;0;0;19.08.2021;NA;Yes
Passer domesticus;Rybachy;Siskinary;KS30682;18.08.2021;404;"9,65";Exp_1;New;1;SingleLine;-1;"23,08";"31,44406648";"2,813196778";"31,42897637";"0,815419371";4;0;0;0;0;0;19.08.2021;norm;Yes
Passer domesticus;Rybachy;Siskinary;KS30677;18.08.2021;405;"10,24";Exp_1;New;1;SingleLine;-1;"26,69";"34,94295093";"2,720688409";"34,95924312";"0,790543778";5;0;0;0;0;0;19.08.2021;norm;Yes
Passer domesticus;Rybachy;Siskinary;KS30697;18.08.2021;406;"8,57";Exp_1;New;1;SingleLine;-1;"23,68";"29,7559702";"2,620833005";"29,78594416";"0,776436491";2;0;0;0;0;0;19.08.2021;norm;Yes
Passer domesticus;Rybachy;Siskinary;KS30683;18.08.2021;407;"9,08";Exp_1;New;1;SingleLine;-1;"23,33";"34,04361958";"3,03199205";"34,05879212";"0,791087372";3;0;0;0;0;0;19.08.2021;norm;Yes
Passer domesticus;Rybachy;Siskinary;KS30679;18.08.2021;408;"7,95";Exp_1;New;1;SingleLine;-1;"24,62";"34,2152575";"2,888783035";"34,23255105";"0,789511473";6;0;0;0;0;0;19.08.2021;norm;Yes
Passer domesticus;Rybachy;Siskinary;KS30627;18.08.2021;409;"9,72";Exp_1;New;1;SingleLine;-1;"24,61";"34,31173424";"2,882576432";"34,30174738";"0,810445515";7;0;0;0;0;0;19.08.2021;norm;No
Passer domesticus;Rybachy;Siskinary;KS30645;18.08.2021;410;"7,42";Exp_1;New;1;SingleLine;-1;"22,08";"28,01153293";"2,632065377";"28,01779588";"0,796893823";8;0;0;0;0;0;19.08.2021;norm;Yes
Passer domesticus;Rybachy;Sparta;KS30672;22.08.2021;415;"10,3";Exp_1;Old;1;SingleLine;3;"25,44";"36,28862986";"2,976901056";"36,32834455";"0,774082992";5;0;0;0;0;4;23.08.2021;norm;Yes
Passer domesticus;Rybachy;Sparta;KS30640;22.08.2021;416;"14,12";Exp_1;Old;1;SingleLine;3;"25,73";"34,39047191";"2,789272961";"34,42782319";"0,774245802";3;0;100000;1;"0,001";4;23.08.2021;norm;Yes
Passer domesticus;Rybachy;Sparta;KS30676;22.08.2021;417;NA;Exp_1;Old;1;SingleLine;3;"27,5";"37,27144767";"2,828361166";"37,31195348";"0,774258011";2;0;0;0;0;4;23.08.2021;norm;Yes
Passer domesticus;Rybachy;Sparta;KS30669;22.08.2021;418;"0,52";Exp_1;Old;1;SingleLine;3;"25,24";"39,84590972";"3,285171532";"39,87247813";"0,785214653";4;0;0;0;0;4;23.08.2021;norm;Yes
Passer domesticus;Rybachy;Siskinary;KS30622;22.08.2021;419;NA;Exp_1;New;1;SingleLine;3;"26,97";"39,99551207";"3,0742439";"39,99966236";"0,800040365";5;0;0;0;0;4;23.08.2021;norm;Yes
Passer domesticus;Rybachy;Siskinary;KS30682;22.08.2021;420;NA;Exp_1;New;1;SingleLine;3;"23,73";"32,54411317";"2,844879887";"32,55061189";"0,7975181";4;0;100000;1;"0,001";4;23.08.2021;norm;Yes
Passer domesticus;Rybachy;Siskinary;KS30645;22.08.2021;421;"14,78";Exp_1;New;1;SingleLine;3;"22,45";"27,07230485";"2,492774423";"27,06374038";"0,811126386";3;0;0;0;0;4;23.08.2021;norm;Yes
Passer domesticus;Rybachy;Siskinary;KS30627;22.08.2021;422;"12,58";Exp_1;New;1;SingleLine;3;"24,7";"38,31986086";"3,226843268";"38,34273011";"0,787116614";2;0;0;0;0;4;23.08.2021;norm;No
Passer domesticus;Rybachy;Siskinary;KS30697;22.08.2021;423;"15,12";Exp_1;New;1;SingleLine;3;"24,32";"27,66202141";"2,345210644";"27,64278389";"0,821149346";7;0;10600;1;"0,009433962";4;23.08.2021;norm;Yes
Passer domesticus;Rybachy;Siskinary;KS30683;22.08.2021;424;"15,29";Exp_1;New;1;SingleLine;3;"23,3";"36,47329655";"3,240449782";"36,46934542";"0,805623017";8;0;0;0;0;4;23.08.2021;norm;Yes
Passer domesticus;Rybachy;Siskinary;KS30658;22.08.2021;425;"11,29";Exp_1;New;1;SingleLine;3;"27,06";"38,88419426";"2,993814254";"38,91712777";"0,780606634";6;0;0;0;0;4;23.08.2021;norm;Yes
Passer domesticus;Rybachy;Siskinary;KS30667;22.08.2021;426;NA;Exp_1;Old;1;SingleLine;3;"24,66";"39,64868816";"3,357571679";"39,69586359";"0,771600866";6;0;0;0;0;4;23.08.2021;norm;Yes
Passer domesticus;Rybachy;Siskinary;KS30679;22.08.2021;427;"16,38";Exp_1;Old;1;SingleLine;3;"24,97";"40,25688826";"3,372999513";"40,31587644";"0,764437329";7;0;0;0;0;4;23.08.2021;norm;Yes
Passer domesticus;Rybachy;Siskinary;KS30677;22.08.2021;428;NA;Exp_1;Old;1;SingleLine;3;"27,6";"39,06740154";"2,954921149";"39,11178464";"0,772928926";8;0;0;0;0;4;23.08.2021;norm;Yes
Passer domesticus;Rybachy;Sparta;KS30680;23.08.2021;429;NA;Exp_1;Old;1;SingleLine;4;"23,25";"33,9572913";"3,047482958";"33,99358147";"0,774793636";5;0;0;0;0;5;24.08.2021;norm;Yes
Passer domesticus;Rybachy;Sparta;KS30646;23.08.2021;430;NA;mix;Old;1;SingleLine;4;"25,95";"38,3928728";"3,083189446";"38,42674066";"0,779647794";6;0;0;0;0;5;24.08.2021;norm;Yes
Passer domesticus;Rybachy;Sparta;KS30681;23.08.2021;431;"13,34";Exp_1;Old;1;SingleLine;4;"23,34";"31,04559138";"2,759047119";"31,05147955";"0,797779909";4;0;0;0;0;5;24.08.2021;norm;Yes
Passer domesticus;Rybachy;Sparta;KS30639;23.08.2021;432;"20,59";Exp_1;Old;1;SingleLine;4;"24,02";"34,97776124";"3,039118106";"35,01631786";"0,773925825";3;0;0;0;0;5;24.08.2021;norm;No
Passer domesticus;Rybachy;Sparta;KS30660;23.08.2021;433;"11,8";Exp_1;Old;1;SingleLine;4;"24,05";"35,18273882";"3,050713746";"35,21739704";"0,776971898";2;0;0;0;0;5;24.08.2021;norm;Yes
Passer domesticus;Rybachy;Siskinary;KS30635;NA;445;"19,05";Cont;NA;0;Control;NA;NA;NA;NA;NA;NA;NA;NA;0;0;0;0;25.08.2021;NA;Yes
Passer domesticus;Rybachy;Sparta;KS30692;NA;446;"16,66";Cont;NA;0;Control;NA;NA;NA;NA;NA;NA;NA;NA;0;0;0;0;25.08.2021;NA;Yes
Passer domesticus;Rybachy;Sparta;KS30668;NA;447;"12,96";Cont;NA;0;Control;NA;NA;NA;NA;NA;NA;NA;NA;0;0;0;0;25.08.2021;NA;Yes
Passer domesticus;Rybachy;Sparta;KS30661;NA;448;"14,71";Cont;NA;0;Control;NA;NA;NA;NA;NA;NA;NA;NA;0;0;0;0;25.08.2021;NA;Yes
Passer domesticus;Rybachy;Sparta;KS30636;NA;449;"13,88";Cont;NA;0;Control;NA;NA;NA;NA;NA;NA;NA;NA;0;0;0;0;25.08.2021;NA;Yes
Passer domesticus;Rybachy;Sparta;KS30623;NA;450;"10,88";Cont;NA;0;Control;NA;NA;NA;NA;NA;NA;NA;NA;0;0;0;0;25.08.2021;NA;Yes
Passer domesticus;Rybachy;Siskinary;KS30663;NA;451;"11,88";Cont;NA;0;Control;NA;NA;NA;NA;NA;NA;NA;NA;0;0;0;0;25.08.2021;NA;Yes
Passer domesticus;Rybachy;Siskinary;KS30653;NA;452;"14,5";Cont;NA;0;Control;NA;NA;NA;NA;NA;NA;NA;NA;0;0;0;0;25.08.2021;NA;Yes
Passer domesticus;Rybachy;Siskinary;KS30674;NA;453;"18,39";Cont;NA;0;Control;NA;NA;NA;NA;NA;NA;NA;NA;0;0;0;0;25.08.2021;NA;Yes
Passer domesticus;Rybachy;Siskinary;KS30673;NA;454;"12,79";Cont;NA;0;Control;NA;NA;NA;NA;NA;NA;NA;NA;0;0;0;0;25.08.2021;NA;Yes
Passer domesticus;Rybachy;Siskinary;KS30632;NA;457;"38,54";Exp_2;NA;1;SingleLine;NA;NA;NA;NA;NA;NA;NA;NA;0;0;0;0;26.08.2021;NA;No
Passer domesticus;Rybachy;Siskinary;KS30689;NA;458;"16,26";Exp_2;NA;1;SingleLine;NA;NA;NA;NA;NA;NA;NA;NA;0;0;0;0;26.08.2021;NA;Yes
Passer domesticus;Rybachy;Siskinary;KS30666;NA;459;"12,88";Exp_2;NA;1;SingleLine;NA;NA;NA;NA;NA;NA;NA;NA;0;0;0;0;26.08.2021;NA;Yes
Passer domesticus;Rybachy;Siskinary;KS30662;NA;460;"7,86";Exp_2;NA;1;SingleLine;NA;NA;NA;NA;NA;NA;NA;NA;0;0;0;0;26.08.2021;NA;Yes
Passer domesticus;Rybachy;Siskinary;KS30652;NA;461;"20,19";Exp_2;NA;1;SingleLine;NA;NA;NA;NA;NA;NA;NA;NA;0;0;0;0;26.08.2021;NA;Yes
Passer domesticus;Rybachy;Siskinary;KS30641;NA;463;"9,17";Exp_2;NA;1;SingleLine;NA;NA;NA;NA;NA;NA;NA;NA;0;0;0;0;26.08.2021;NA;Yes
Passer domesticus;Rybachy;Siskinary;KS30621;NA;464;"13,03";Exp_2;NA;1;SingleLine;NA;NA;NA;NA;NA;NA;NA;NA;0;0;0;0;26.08.2021;NA;Yes
Passer domesticus;Rybachy;Sparta;KS30646;NA;465;NA;mix;NA;1;MixedLines;NA;NA;NA;NA;NA;NA;NA;NA;0;0;0;7;26.08.2021;NA;Yes
Passer domesticus;Rybachy;Sparta;KS30647;NA;466;"5,85";Exp_2;NA;1;SingleLine;NA;NA;NA;NA;NA;NA;NA;NA;0;0;0;0;26.08.2021;NA;Yes
Passer domesticus;Rybachy;Sparta;KS30638;NA;467;"14,92";Exp_2;NA;1;SingleLine;NA;NA;NA;NA;NA;NA;NA;NA;0;0;0;0;26.08.2021;NA;Yes
Passer domesticus;Rybachy;Sparta;KS30655;NA;468;"15,17";Exp_2;NA;1;SingleLine;NA;NA;NA;NA;NA;NA;NA;NA;0;0;0;0;26.08.2021;NA;Yes
Passer domesticus;Rybachy;Sparta;KS30630;NA;469;"18,76";Exp_2;NA;1;SingleLine;NA;NA;NA;NA;NA;NA;NA;NA;0;0;0;0;26.08.2021;NA;Yes
Passer domesticus;Rybachy;Sparta;KS30670;NA;470;"16,3";Exp_2;NA;1;SingleLine;NA;NA;NA;NA;NA;NA;NA;NA;0;0;0;0;26.08.2021;NA;No
Passer domesticus;Rybachy;Sparta;KS30665;NA;471;"13,38";Exp_2;NA;1;SingleLine;NA;NA;NA;NA;NA;NA;NA;NA;0;0;0;0;26.08.2021;NA;Yes
Passer domesticus;Rybachy;Sparta;KS30695;NA;472;"11,58";Exp_2;NA;1;SingleLine;NA;NA;NA;NA;NA;NA;NA;NA;0;0;0;0;26.08.2021;NA;Yes
Passer domesticus;Rybachy;Sparta;KS30675;NA;473;"7,72";Exp_2;NA;1;SingleLine;NA;NA;NA;NA;NA;NA;NA;NA;0;0;0;0;26.08.2021;NA;Yes
Passer domesticus;Rybachy;Sparta;KS30624;NA;474;"15,79";Exp_2;NA;1;SingleLine;NA;NA;NA;NA;NA;NA;NA;NA;0;0;0;0;26.08.2021;NA;Yes
Passer domesticus;Rybachy;Siskinary;KS30659;NA;475;"16,51";Exp_2;NA;1;SingleLine;NA;NA;NA;NA;NA;NA;NA;NA;0;0;0;0;26.08.2021;NA;Yes
Passer domesticus;Rybachy;Sparta;KS30660;26.08.2021;480;"16,51";Exp_1;New;1;SingleLine;7;"23,8";"34,74116364";"3,025612956";"34,74403219";"0,800596986";7;0;17600;42;"0,238636364";8;27.08.2021;norm;Yes
Passer domesticus;Rybachy;Sparta;KS30681;26.08.2021;481;"15,46";Exp_1;New;1;SingleLine;7;"23,1";"30,7282576";"2,755984003";"30,72874488";"0,802349176";6;0;12600;25;"0,198412698";8;27.08.2021;norm;Yes
Passer domesticus;Rybachy;Sparta;KS30672;26.08.2021;482;"15,46";Exp_1;New;1;SingleLine;7;"24,67";"32,20182886";"2,711319986";"32,2146554";"0,792319961";8;0;10170;43;"0,422812193";8;27.08.2021;norm;Yes
Passer domesticus;Rybachy;Sparta;KS30680;26.08.2021;483;"15,63";Exp_1;New;1;SingleLine;7;"23,3";"31,63325014";"2,81797316";"31,64238518";"0,79519012";5;0;25200;1;"0,003968254";8;27.08.2021;norm;Yes
Passer domesticus;Rybachy;Siskinary;KS30627;26.08.2021;484;"18,72";Exp_1;Old;1;SingleLine;7;"24,73";"35,92422603";"3,032836865";"35,96569892";"0,772525408";5;0;22500;11;"0,048888889";8;27.08.2021;norm;No
Passer domesticus;Rybachy;Siskinary;KS30677;26.08.2021;485;"14,54";Exp_1;Old;1;SingleLine;7;"26,86";"38,21626578";"2,971759928";"38,26282505";"0,770871166";4;0;15400;8;"0,051948052";8;27.08.2021;norm;Yes
Passer domesticus;Rybachy;Siskinary;KS30679;26.08.2021;486;"16,22";Exp_1;Old;1;SingleLine;7;"24,53";"39,69533497";"3,394296874";"39,76873853";"0,754553234";3;0;16450;4;"0,024316109";8;27.08.2021;norm;Yes
Passer domesticus;Rybachy;Siskinary;KS30667;26.08.2021;487;"19,31";Exp_1;Old;1;SingleLine;7;"24,54";"36,79297064";"3,132769623";"36,83988796";"0,76938723";2;0;12500;8;"0,064";8;27.08.2021;norm;Yes
Passer domesticus;Rybachy;Siskinary;KS30683;26.08.2021;488;"19,97";Exp_1;Old;1;SingleLine;7;"23,07";"34,57403227";"3,139596345";"34,63156433";"0,75931352";8;0;13600;43;"0,316176471";8;27.08.2021;norm;Yes
Passer domesticus;Rybachy;Siskinary;KS30682;26.08.2021;489;"18,13";Exp_1;Old;1;SingleLine;7;"23,56";"33,10484272";"2,928237388";"33,13404772";"0,779620344";7;0;16700;11;"0,065868263";8;27.08.2021;norm;Yes
Passer domesticus;Rybachy;Siskinary;KS30645;26.08.2021;490;"18,21";Exp_1;Old;1;SingleLine;7;"22,39";"31,57971778";"2,93817641";"31,60577864";"0,781104999";6;0;14400;93;"0,645833333";8;27.08.2021;norm;Yes
Passer domesticus;Rybachy;Siskinary;KS30658;26.08.2021;491;"13,67";Exp_1;New;1;SingleLine;7;"26,69";"40,43922469";"3,17097";"40,50085078";"0,763163929";3;0;12000;8;"0,066666667";8;27.08.2021;norm;Yes
Passer domesticus;Rybachy;Siskinary;KS30697;26.08.2021;492;"13,71";Exp_1;New;1;SingleLine;7;"24,25";"28,14142161";"2,410695616";"28,15300323";"0,791973451";2;0;13500;7;"0,051851852";8;27.08.2021;norm;Yes
Passer domesticus;Rybachy;Siskinary;KS30622;26.08.2021;493;"15,21";Exp_1;New;1;SingleLine;7;"25,87";"36,42521";"2,931667035";"36,45270555";"0,783022412";4;0;16500;2;"0,012121212";8;27.08.2021;norm;Yes
Passer domesticus;Rybachy;Sparta;KS30676;27.08.2021;494;"8,58";Exp_1;Old;1;SingleLine;8;"27,84";"36,0731228";"2,704871059";"36,11421885";"0,773003714";5;0;13400;6;"0,044776119";9;28.08.2021;norm;Yes
Passer domesticus;Rybachy;Sparta;KS30640;27.08.2021;495;"20,12";Exp_1;Old;1;SingleLine;8;"25,6";"32,12175705";"2,632357341";"32,18213875";"0,753865085";4;0;12700;24;"0,188976378";9;28.08.2021;norm;Yes
Passer domesticus;Rybachy;Sparta;KS30669;27.08.2021;496;"13,75";Exp_1;Old;1;SingleLine;8;"25,01";"40,52879636";"3,386311702";"40,58120624";"0,769042296";3;0;12600;6;"0,047619048";9;28.08.2021;norm;Yes
Passer domesticus;Rybachy;Sparta;KS30639;27.08.2021;497;"19,46";Exp_1;Old;1;SingleLine;8;"23,37";"33,05001487";"2,954899907";"33,09221584";"0,769461431";2;0;12100;5;"0,041322314";9;28.08.2021;norm;No
Passer domesticus;Rybachy;Sparta;KS30623;28.08.2021;498;NA;Cont;Old;0;Control;3;"20,69";"32,00699352";"3,222279213";"32,03297922";"0,781506232";2;0;0;0;0;4;29.08.2021;norm;Yes
Passer domesticus;Rybachy;Sparta;KS30692;28.08.2021;499;"4,12";Cont;Old;0;Control;3;"24,85";"35,07595038";"2,935999565";"35,09712492";"0,786919614";3;0;0;0;0;4;29.08.2021;norm;Yes
Passer domesticus;Rybachy;Sparta;KS30636;28.08.2021;500;"14,72";Cont;Old;0;Control;3;"25,12";"35,25094662";"2,915963305";"35,26690323";"0,790874008";4;0;0;0;0;4;29.08.2021;norm;Yes
Passer domesticus;Rybachy;Sparta;KS30668;28.08.2021;501;"13,83";Cont;Old;0;Control;3;"22,22";"29,65413889";"2,789477414";"29,69353031";"0,768110814";5;0;0;0;0;4;29.08.2021;norm;Yes
Passer domesticus;Rybachy;Sparta;KS30661;28.08.2021;502;16;Cont;Old;0;Control;3;"26,67";"38,58607809";"3,030234682";"38,6489827";"0,760225701";6;0;0;0;0;4;29.08.2021;norm;Yes
Passer domesticus;Rybachy;Siskinary;KS30673;28.08.2021;503;"15,85";Cont;New;0;Control;3;"25,47";"37,51248051";"3,06797267";"37,5434006";"0,781275242";6;0;0;0;0;4;29.08.2021;norm;Yes
Passer domesticus;Rybachy;Siskinary;KS30635;28.08.2021;504;NA;Cont;New;0;Control;3;"23,52";"31,97557666";"2,824442709";"31,98925248";"0,791582993";3;0;0;0;0;4;29.08.2021;norm;Yes
Passer domesticus;Rybachy;Siskinary;KS30663;28.08.2021;505;"16,3";Cont;New;0;Control;3;"25,14";"36,86397308";"3,047304546";"36,88135721";"0,790443624";2;0;0;0;0;4;29.08.2021;norm;Yes
Passer domesticus;Rybachy;Siskinary;KS30674;28.08.2021;506;"15,97";Cont;New;0;Control;3;26;"40,45486";"3,225906548";"40,45970154";"0,799623898";5;0;0;0;0;4;29.08.2021;norm;Yes
Passer domesticus;Rybachy;Siskinary;KS30653;28.08.2021;507;"13,32";Cont;New;0;Control;3;"23,85";"31,13574839";"2,713011588";"31,15043257";"0,790428138";4;0;0;0;0;4;29.08.2021;norm;Yes
Passer domesticus;Rybachy;Siskinary;KS30652;29.08.2021;508;"24,82";Exp_2;Old;1;SingleLine;3;"24,86";"37,68867951";"3,180849983";"37,75996538";"0,753440692";6;0;0;0;0;4;30.08.2021;norm;Yes
Passer domesticus;Rybachy;Siskinary;KS30666;29.08.2021;509;"18,36";Exp_2;Old;1;SingleLine;3;"25,82";"36,12327909";"2,93121331";"36,18393821";"0,758912976";7;0;0;0;0;4;30.08.2021;norm;Yes
Passer domesticus;Rybachy;Siskinary;KS30662;29.08.2021;510;"16,36";Exp_2;Old;1;SingleLine;3;"27,63";"38,94688715";"2,953558342";"39,01284247";"0,758582843";8;0;0;0;0;4;30.08.2021;norm;Yes
Passer domesticus;Rybachy;Siskinary;KS30689;29.08.2021;511;"13,25";Exp_2;New;1;SingleLine;3;"20,51";"27,31560442";"2,752452256";"27,3060938";"0,812021294";4;0;0;0;0;4;30.08.2021;norm;Yes
Passer domesticus;Rybachy;Siskinary;KS30621;29.08.2021;512;NA;Exp_2;New;1;SingleLine;3;"24,75";"34,72638883";"2,921671712";"34,75289241";"0,782683106";5;0;0;0;0;4;30.08.2021;norm;Yes
Passer domesticus;Rybachy;Siskinary;KS30632;29.08.2021;513;NA;Exp_2;New;1;SingleLine;3;"24,9";"40,07618792";"3,347618784";"40,09998323";"0,787134164";3;0;0;0;0;4;30.08.2021;norm;No
Passer domesticus;Rybachy;Siskinary;KS30659;29.08.2021;514;"13,52";Exp_2;New;1;SingleLine;3;"25,35";"33,2926747";"2,722753693";"33,29646464";"0,799774568";6;0;0;0;0;4;30.08.2021;norm;Yes
Passer domesticus;Rybachy;Sparta;KS30670;29.08.2021;515;NA;Exp_2;New;1;SingleLine;3;"22,78";"31,23159664";"2,833900049";"31,22146513";"0,811396602";8;0;0;0;0;4;30.08.2021;norm;No
Passer domesticus;Rybachy;Sparta;KS30655;29.08.2021;516;NA;Exp_2;New;1;SingleLine;3;"24,04";"36,92412457";"3,129722584";"36,83507409";"0,867710793";7;0;0;0;0;4;30.08.2021;norm;Yes
Passer domesticus;Rybachy;Siskinary;KS30641;29.08.2021;517;"11,81";Exp_2;New;1;SingleLine;3;"28,68";"43,92316482";"3,200780368";"43,98058955";"0,768468449";2;0;0;0;0;4;30.08.2021;norm;Yes
Passer domesticus;Rybachy;Sparta;KS30624;29.08.2021;518;"18,09";Exp_2;Old;1;SingleLine;3;"25,15";"35,81600687";"2,977302941";"35,86468365";"0,767200954";5;0;0;0;0;4;30.08.2021;norm;Yes
Passer domesticus;Rybachy;Sparta;KS30630;29.08.2021;519;"19,85";Exp_2;Old;1;SingleLine;3;"27,38";"42,84854681";"3,285827298";"42,93416378";"0,750705317";4;0;0;0;0;4;30.08.2021;norm;Yes
Passer domesticus;Rybachy;Sparta;KS30647;29.08.2021;520;"9,52";Exp_2;Old;1;SingleLine;3;"24,82";"39,57175556";"3,340267862";"39,63806258";"0,759079343";3;0;0;0;0;4;30.08.2021;norm;Yes
Passer domesticus;Rybachy;Sparta;KS30646;29.08.2021;521;NA;mix;Old;1;MixedLines;10;"25,08";"38,56627497";"3,213384786";"38,61600089";"0,768991966";2;0;1350;86;"6,37037037";11;30.08.2021;norm;Yes
Passer domesticus;Rybachy;Siskinary;KS30677;30.08.2021;522;"17,84";Exp_1;New;1;SingleLine;11;"26,92";"35,72682659";"2,751615135";"35,73126897";"0,799499426";3;0;11700;51;"0,435897436";12;31.08.2021;norm;Yes
Passer domesticus;Rybachy;Siskinary;KS30679;30.08.2021;523;"16,74";Exp_1;New;1;SingleLine;11;"24,71";"39,88669641";"3,369913859";"39,93256303";"0,772723793";4;0;NA;NA;NA;12;31.08.2021;norm;Yes
Passer domesticus;Rybachy;Sparta;KS30638;30.08.2021;524;"12,98";Exp_2;Old;1;SingleLine;4;"23,97";"31,81367983";"2,762035961";"31,83512756";"0,785037675";2;0;0;0;0;5;31.08.2021;norm;Yes
Passer domesticus;Rybachy;Sparta;KS30675;30.08.2021;525;"11,51";Exp_2;Old;1;SingleLine;4;"27,52";"39,6102107";"3,01251774";"39,670674";"0,762870645";3;0;0;0;0;5;31.08.2021;norm;Yes
Passer domesticus;Rybachy;Sparta;KS30695;30.08.2021;526;"9,54";Exp_2;Old;1;SingleLine;4;"22,76";"35,33875469";"3,238966025";"35,37521002";"0,775718918";4;0;20300;77;"0,379310345";5;31.08.2021;norm;Yes
Passer domesticus;Rybachy;Sparta;KS30665;30.08.2021;527;NA;Exp_2;Old;1;SingleLine;4;"25,33";"37,82625131";"3,119216265";"37,87247247";"0,770729667";5;0;0;0;0;5;31.08.2021;norm;Yes
Passer domesticus;Rybachy;Siskinary;KS30627;30.08.2021;528;"21,59";Exp_1;New;1;SingleLine;11;"23,8";"33,48770116";"2,927720612";"33,50964585";"0,785593649";2;0;2400;56;"2,333333333";12;31.08.2021;norm;No
Passer domesticus;Rybachy;Siskinary;KS30667;30.08.2021;529;"15,96";Exp_1;New;1;SingleLine;11;"24,53";"32,75686309";"2,774063896";"32,77037399";"0,791941089";5;0;14700;2;"0,013605442";12;31.08.2021;norm;Yes
Passer domesticus;Rybachy;Siskinary;KS30683;30.08.2021;530;"20,71";Exp_1;Old;1;SingleLine;11;"22,73";"32,8994388";"3,013950367";"32,92458462";"0,782682686";6;0;11700;24;"0,205128205";12;31.08.2021;norm;Yes
Passer domesticus;Rybachy;Siskinary;KS30682;30.08.2021;531;"17,88";Exp_1;Old;1;SingleLine;11;"23,65";"32,95666241";"2,915252151";"33,00456555";"0,764709119";7;0;11900;1;"0,008403361";12;31.08.2021;norm;Yes
Passer domesticus;Rybachy;Siskinary;KS30645;30.08.2021;532;"30,79";Exp_1;Old;1;SingleLine;11;"22,69";"30,25673409";"2,788564065";"30,29895746";"0,766229422";8;0;NA;NA;NA;12;31.08.2021;norm;Yes
Passer domesticus;Rybachy;Siskinary;KS30658;30.08.2021;533;"14,83";Exp_1;New;1;SingleLine;11;"27,31";"34,93736768";"2,646155971";"34,9295506";"0,808672128";7;0;NA;NA;NA;12;31.08.2021;norm;Yes
Passer domesticus;Rybachy;Siskinary;KS30622;30.08.2021;534;"16,44";Exp_1;New;1;SingleLine;11;"25,97";"38,59310836";"3,084271021";"38,60378755";"0,795496884";8;0;17700;32;"0,18079096";12;31.08.2021;norm;Yes
Passer domesticus;Rybachy;Siskinary;KS30697;30.08.2021;535;"17,29";Exp_1;New;1;SingleLine;11;"24,75";"30,27488921";"2,525518514";"30,25983597";"0,8159059";6;0;44600;1;"0,002242152";12;31.08.2021;norm;Yes
Passer domesticus;Rybachy;Sparta;KS30669;NA;536;"22,36";Exp_1;NA;1;SingleLine;NA;NA;NA;NA;NA;NA;NA;NA;10300;37;"0,359223301";13;01.09.2021;NA;Yes
Passer domesticus;Rybachy;Sparta;KS30676;NA;537;"24,09";Exp_1;NA;1;SingleLine;NA;NA;NA;NA;NA;NA;NA;NA;17500;12;"0,068571429";13;01.09.2021;NA;Yes
Passer domesticus;Rybachy;Sparta;KS30640;NA;538;"18,24";Exp_1;NA;1;SingleLine;NA;NA;NA;NA;NA;NA;NA;NA;14600;5;"0,034246575";13;01.09.2021;NA;Yes
Passer domesticus;Rybachy;Sparta;KS30672;NA;539;"19,46";Exp_1;NA;1;SingleLine;NA;NA;NA;NA;NA;NA;NA;NA;14300;10;"0,06993007";13;01.09.2021;NA;Yes
Passer domesticus;Rybachy;Sparta;KS30660;NA;540;"15,29";Exp_1;NA;1;SingleLine;NA;NA;NA;NA;NA;NA;NA;NA;17100;17;"0,099415205";13;01.09.2021;NA;Yes
Passer domesticus;Rybachy;Sparta;KS30681;NA;541;"19,57";Exp_1;NA;1;SingleLine;NA;NA;NA;NA;NA;NA;NA;NA;13100;34;"0,259541985";13;01.09.2021;NA;Yes
Passer domesticus;Rybachy;Sparta;KS30680;NA;542;"18,93";Exp_1;NA;1;SingleLine;NA;NA;NA;NA;NA;NA;NA;NA;0;0;0;13;01.09.2021;NA;Yes
Passer domesticus;Rybachy;Sparta;KS30636;01.09.2021;543;"14,38";Cont;New;0;Control;7;"23,79";"33,95229692";"2,969212943";"33,97384733";"0,786081942";4;0;0;0;0;8;02.09.2021;norm;Yes
Passer domesticus;Rybachy;Sparta;KS30623;01.09.2021;544;"14,04";Cont;New;0;Control;7;"20,92";"32,98278445";"3,267331732";"32,98463231";"0,801300291";5;0;0;0;0;8;02.09.2021;norm;Yes
Passer domesticus;Rybachy;Sparta;KS30661;01.09.2021;545;"19,02";Cont;New;0;Control;7;"27,45";"40,09892884";"3,042655705";"40,13115966";"0,781652573";2;0;0;0;0;8;02.09.2021;norm;Yes
Passer domesticus;Rybachy;Sparta;KS30668;01.09.2021;546;"14,5";Cont;New;0;Control;7;"22,3";"28,4187736";"2,635611282";"28,41180252";"0,809266247";3;0;0;0;0;8;02.09.2021;norm;Yes
Passer domesticus;Rybachy;Sparta;KS30692;01.09.2021;547;"15,96";Cont;New;0;Control;7;"24,37";"30,87276486";"2,61968149";"30,86465362";"0,809737444";6;0;0;0;0;8;02.09.2021;norm;Yes
Passer domesticus;Rybachy;Siskinary;KS30663;01.09.2021;548;"14,58";Cont;Old;0;Control;7;"25,43";"37,30848798";"3,057868476";"37,3422584";"0,7790182";6;0;0;0;0;8;02.09.2021;norm;Yes
Passer domesticus;Rybachy;Siskinary;KS30653;01.09.2021;549;"23,28";Cont;Old;0;Control;7;"23,95";"30,851335";"2,678267546";"30,86798316";"0,788595772";4;0;0;0;0;8;02.09.2021;norm;Yes
Passer domesticus;Rybachy;Siskinary;KS30674;01.09.2021;550;"14,54";Cont;Old;0;Control;7;"26,19";"39,35823952";"3,14649974";"39,42044084";"0,761478938";3;0;0;0;0;8;02.09.2021;norm;Yes
Passer domesticus;Rybachy;Siskinary;KS30673;01.09.2021;551;"14,04";Cont;Old;0;Control;7;"25,38";"41,92453039";"3,444478218";"41,96522669";"0,777329028";2;0;0;0;0;8;02.09.2021;norm;Yes
Passer domesticus;Rybachy;Siskinary;KS30635;01.09.2021;552;"15,29";Cont;Old;0;Control;7;"23,7";"30,35768497";"2,663249943";"30,37411417";"0,788541137";5;0;0;0;0;8;02.09.2021;norm;Yes
Passer domesticus;Rybachy;Sparta;KS30624;02.09.2021;553;"21,44";Exp_2;Old;1;SingleLine;7;"25,44";"35,61629599";"2,88664442";"35,59159566";"0,821148162";7;0;25200;1;"0,003968254";8;03.09.2021;norm;Yes
Passer domesticus;Rybachy;Sparta;KS30670;02.09.2021;554;"17,42";Exp_2;Old;1;SingleLine;7;"22,3";"29,48519549";"2,712336194";"29,44264728";"0,841199788";5;0;0;0;0;8;03.09.2021;norm;No
Passer domesticus;Rybachy;Sparta;KS30655;02.09.2021;555;16;Exp_2;Old;1;SingleLine;7;"20,7";"24,954213";"2,436545358";"24,86432487";"0,900054228";4;0;0;0;0;8;03.09.2021;norm;Yes
Passer domesticus;Rybachy;Sparta;KS30646;02.09.2021;556;"11,54";mix;Old;1;MixedLines;14;"24,67";"38,54915614";"3,223866558";"38,5259509";"0,818716271";3;0;1100;41;"3,727272727";15;03.09.2021;norm;Yes
Passer domesticus;Rybachy;Sparta;KS30647;02.09.2021;557;"12,29";Exp_2;Old;1;SingleLine;7;"24,56";"35,06017866";"2,938025536";"35,0264702";"0,828297326";2;0;0;0;0;8;03.09.2021;norm;Yes
Passer domesticus;Rybachy;Siskinary;KS30652;02.09.2021;558;"18,8";Exp_2;Old;1;SingleLine;7;"24,84";"33,10865751";"2,73585929";"33,06378604";"0,838848588";8;0;0;0;0;8;03.09.2021;norm;Yes
Passer domesticus;Rybachy;Sparta;KS30630;02.09.2021;559;16;Exp_2;Old;1;SingleLine;7;"27,46";"39,85211385";"3,001081717";"39,84158718";"0,80975097";6;0;0;0;0;8;03.09.2021;norm;Yes
Passer domesticus;Rybachy;Siskinary;KS30621;NA;560;"12,2";Exp_2;NA;1;SingleLine;NA;;NA;NA;NA;NA;NA;;0;0;0;8;03.09.2021;NA;Yes
Passer domesticus;Rybachy;Siskinary;KS30666;NA;561;"43,44";Exp_2;NA;1;SingleLine;NA;;NA;NA;NA;NA;NA;;69200;1;"0,001445087";8;03.09.2021;NA;Yes
Passer domesticus;Rybachy;Siskinary;KS30659;NA;562;"18,8";Exp_2;NA;1;SingleLine;NA;;NA;NA;NA;NA;NA;;0;0;0;8;03.09.2021;NA;Yes
Passer domesticus;Rybachy;Siskinary;KS30641;NA;563;"30,01";Exp_2;NA;1;SingleLine;NA;;NA;NA;NA;NA;NA;;0;0;0;8;03.09.2021;NA;Yes
Passer domesticus;Rybachy;Siskinary;KS30662;NA;564;"13,92";Exp_2;NA;1;SingleLine;NA;;NA;NA;NA;NA;NA;;0;0;0;8;03.09.2021;NA;Yes
Passer domesticus;Rybachy;Siskinary;KS30689;NA;565;"18,91";Exp_2;NA;1;SingleLine;NA;;NA;NA;NA;NA;NA;;100000;1;"0,001";8;03.09.2021;NA;Yes
Passer domesticus;Rybachy;Siskinary;KS30632;NA;566;"10,73";Exp_2;NA;1;SingleLine;NA;;NA;NA;NA;NA;NA;;0;0;0;8;03.09.2021;NA;No
Passer domesticus;Rybachy;Sparta;KS30665;03.09.2021;567;"25,64";Exp_2;Old;1;SingleLine;8;"24,31";"36,50599057";"3,094768344";"36,47786922";"0,823067051";5;0;23000;1;"0,004347826";9;04.09.2021;norm;Yes
Passer domesticus;Rybachy;Sparta;KS30695;03.09.2021;568;"12,21";Exp_2;Old;1;SingleLine;8;"22,61";"30,11075447";"2,741055299";"30,08188893";"0,82805408";4;0;14500;3;"0,020689655";9;04.09.2021;norm;Yes
Passer domesticus;Rybachy;Sparta;KS30638;03.09.2021;569;"37,08";Exp_2;Old;1;SingleLine;8;"23,77";"32,38652706";"2,795801175";"32,34089436";"0,840051101";3;0;0;0;0;9;04.09.2021;norm;Yes
Passer domesticus;Rybachy;Sparta;KS30675;03.09.2021;570;"14,38";Exp_2;Old;1;SingleLine;8;"27,15";"36,64821828";"2,797376991";"36,6502625";"0,801296947";2;0;0;0;0;9;04.09.2021;norm;Yes
Passer domesticus;Rybachy;Siskinary;KS30677;03.09.2021;571;"18,02";Exp_1;Old;1;SingleLine;15;"26,64";"35,98831048";"2,782836841";"35,9582984";"0,824768229";8;0;16900;2;"0,01183432";16;04.09.2021;norm;Yes
Passer domesticus;Rybachy;Siskinary;KS30679;03.09.2021;572;"19,24";Exp_1;Old;1;SingleLine;15;"24,6";"36,33458244";"3,048769271";"36,31515142";"0,816840213";7;0;10900;3;"0,027522936";16;04.09.2021;norm;Yes
Passer domesticus;Rybachy;Siskinary;KS30667;03.09.2021;573;22;Exp_1;Old;1;SingleLine;15;"24,59";"34,69622968";"2,907155907";"34,66826897";"0,824009342";6;0;12300;8;"0,06504065";16;04.09.2021;norm;Yes
Passer domesticus;Rybachy;Siskinary;KS30627;03.09.2021;574;"11,96";Exp_1;New;1;SingleLine;15;"23,63";"35,68887611";"3,155114449";"35,73357176";"0,770207965";2;0;3250;450;"13,84615385";16;04.09.2021;norm;No
Passer domesticus;Rybachy;Siskinary;KS30645;03.09.2021;575;16;Exp_1;New;1;SingleLine;15;"22,45";"31,45382242";"2,915588825";"31,4749996";"0,785165165";3;0;13200;2;"0,015151515";16;04.09.2021;norm;Yes
Passer domesticus;Rybachy;Siskinary;KS30682;03.09.2021;576;"11,79";Exp_1;New;1;SingleLine;15;"23,32";"38,38475821";"3,440819534";"38,43661416";"0,767665529";4;0;11300;5;"0,044247788";16;04.09.2021;norm;Yes
Passer domesticus;Rybachy;Siskinary;KS30622;03.09.2021;577;"15,67";Exp_1;New;1;SingleLine;15;"25,63";"35,53870993";"2,891519145";"35,57373719";"0,777095651";8;0;14610;3;"0,020533881";16;04.09.2021;norm;Yes
Passer domesticus;Rybachy;Siskinary;KS30697;03.09.2021;578;"12,07";Exp_1;New;1;SingleLine;15;"24,37";"33,0451925";"2,827287822";"33,07707679";"0,777592946";5;0;26500;2;"0,00754717";16;04.09.2021;norm;Yes
Passer domesticus;Rybachy;Siskinary;KS30683;03.09.2021;579;"12,14";Exp_1;New;1;SingleLine;15;"22,73";"31,70305948";"2,914724403";"31,74439063";"0,768874615";6;0;15400;6;"0,038961039";16;04.09.2021;norm;Yes
Passer domesticus;Rybachy;Sparta;KS30681;04.09.2021;580;"12,22";Exp_1;New;1;SingleLine;16;"22,98";"29,3049019";"2,645908462";"29,31171436";"0,796663422";4;0;13700;7;"0,051094891";17;05.09.2021;norm;Yes
Passer domesticus;Rybachy;Sparta;KS30680;04.09.2021;581;"11,91";Exp_1;New;1;SingleLine;16;"23,2";"25,69524855";"2,30955263";"25,72039754";"0,777184791";5;0;0;0;0;17;05.09.2021;norm;Yes
Passer domesticus;Rybachy;Sparta;KS30660;04.09.2021;582;"10,81";Exp_1;New;1;SingleLine;16;"24,15";"32,58566944";"2,802194016";"32,5977564";"0,793042595";3;0;16300;1;"0,006134969";17;05.09.2021;norm;Yes
Passer domesticus;Rybachy;Sparta;KS30672;04.09.2021;583;"10,86";Exp_1;New;1;SingleLine;16;"24,88";"32,45439871";"2,72088398";"32,48756792";"0,776080704";2;0;15000;9;"0,06";17;05.09.2021;norm;Yes
Passer domesticus;Rybachy;Siskinary;KS30658;04.09.2021;584;"9,97";Exp_1;Old;1;SingleLine;16;"27,22";"33,27275428";"2,501881286";"33,21376637";"0,85007955";2;0;51700;1;"0,001934236";17;05.09.2021;norm;Yes
Passer domesticus;Rybachy;Sparta;KS30676;04.09.2021;585;"9,21";Exp_1;Old;1;SingleLine;16;"28,53";"37,59967879";"2,719548304";"37,57809865";"0,817967376";3;0;0;0;0;17;05.09.2021;norm;Yes
Passer domesticus;Rybachy;Sparta;KS30640;04.09.2021;586;"15,95";Exp_1;Old;1;SingleLine;16;"25,78";"31,85310252";"2,550311689";"31,83600034";"0,816975883";4;0;13500;43;"0,318518519";17;05.09.2021;norm;Yes
Passer domesticus;Rybachy;Sparta;KS30669;04.09.2021;587;"15,87";Exp_1;Old;1;SingleLine;16;"24,94";"38,17988197";"3,156493702";"38,15350558";"0,821101712";5;0;11900;5;"0,042016807";17;05.09.2021;norm;Yes
Passer domesticus;Rybachy;Siskinary;KS30663;05.09.2021;588;NA;Cont;Old;0;Control;11;"25,09";"39,53948584";"3,241055986";"39,49723143";"0,831132522";2;0;0;0;0;12;06.09.2021;norm;Yes
Passer domesticus;Rybachy;Siskinary;KS30635;05.09.2021;589;"18,64";Cont;Old;0;Control;11;"23,4";"31,44796162";"2,768205543";"31,42145312";"0,825118697";3;0;0;0;0;12;06.09.2021;norm;Yes
Passer domesticus;Rybachy;Siskinary;KS30673;05.09.2021;590;"15,92";Cont;Old;0;Control;11;"25,11";"37,2751396";"3,050548885";"37,23089355";"0,834305773";4;0;0;0;0;12;06.09.2021;norm;Yes
Passer domesticus;Rybachy;Siskinary;KS30674;05.09.2021;591;"17,42";Cont;Old;0;Control;11;"25,88";"41,13932389";"3,275611897";"41,10710975";"0,823512947";5;0;0;0;0;12;06.09.2021;norm;Yes
Passer domesticus;Rybachy;Siskinary;KS30653;05.09.2021;592;"13,06";Cont;Old;0;Control;11;"21,89";"26,80689443";"2,506370251";"26,75918711";"0,850275671";6;0;0;0;0;12;06.09.2021;norm;Yes
Passer domesticus;Rybachy;Sparta;KS30636;05.09.2021;593;"15,11";Cont;New;0;Control;11;"24,38";"34,87426181";"2,982850853";"34,9083022";"0,777209845";4;0;0;0;0;12;06.09.2021;norm;Yes
Passer domesticus;Rybachy;Sparta;KS30661;05.09.2021;594;"14,48";Cont;New;0;Control;11;"26,54";"31,88630604";"2,472206629";"31,85467834";"0,829095613";5;0;0;0;0;12;06.09.2021;norm;Yes
Passer domesticus;Rybachy;Sparta;KS30692;05.09.2021;595;"17,11";Cont;New;0;Control;11;"24,77";"33,85103126";"2,849860364";"33,88424948";"0,777054051";2;0;0;0;0;12;06.09.2021;norm;Yes
Passer domesticus;Rybachy;Sparta;KS30623;05.09.2021;596;"11,88";Cont;New;0;Control;11;"21,59";"31,03345577";"2,98190753";"31,03994055";"0,797272059";3;0;0;0;0;12;06.09.2021;norm;Yes
Passer domesticus;Rybachy;Sparta;KS30668;05.09.2021;597;"12,01";Cont;New;0;Control;11;"22,15";"31,13692187";"2,921107617";"31,15117911";"0,79074239";7;0;0;0;0;12;06.09.2021;norm;Yes
Passer domesticus;Rybachy;Siskinary;KS30652;06.09.2021;598;"14,4";Exp_2;Old;1;SingleLine;11;"23,07";"34,5647646";"3,083209868";"34,53083627";"0,828773824";7;0;100000;1;"0,001";12;07.09.2021;norm;Yes
Passer domesticus;Rybachy;Siskinary;KS30662;06.09.2021;599;"19,95";Exp_2;Old;1;SingleLine;11;"27,61";"36,4941254";"2,72268528";"36,46354498";"0,82494534";6;0;0;0;0;12;07.09.2021;norm;Yes
Passer domesticus;Rybachy;Siskinary;KS30641;06.09.2021;600;16;Exp_2;Old;1;SingleLine;11;"28,15";"42,22737206";"3,100225303";"42,21259303";"0,811994648";5;0;0;0;0;12;07.09.2021;norm;Yes
Passer domesticus;Rybachy;Siskinary;KS30632;06.09.2021;601;NA;Exp_2;Old;1;SingleLine;11;"23,04";"31,9805801";"2,850343321";"31,93920575";"0,837131586";4;0;0;0;0;12;07.09.2021;norm;No
Passer domesticus;Rybachy;Siskinary;KS30689;06.09.2021;602;"14,48";Exp_2;Old;1;SingleLine;11;"20,02";"30,29972685";"3,084318537";"30,22676709";"0,867213519";3;0;0;0;0;12;07.09.2021;norm;Yes
Passer domesticus;Rybachy;Siskinary;KS30621;06.09.2021;603;NA;Exp_2;Old;1;SingleLine;11;"24,82";"37,30953941";"3,09137186";"37,26929334";"0,831340867";2;0;0;0;0;12;07.09.2021;norm;Yes
Passer domesticus;Rybachy;Siskinary;KS30659;06.09.2021;604;"11,17";Exp_2;New;1;SingleLine;11;"25,44";"33,89879064";"2,770380515";"33,91699493";"0,788713751";3;0;14100;13;"0,092198582";12;07.09.2021;norm;Yes
Passer domesticus;Rybachy;Sparta;KS30670;06.09.2021;605;"29,17";Exp_2;New;1;SingleLine;11;"21,7";"25,60451949";"2,445455295";"25,60625516";"0,800984059";5;0;0;0;0;12;07.09.2021;norm;No
Passer domesticus;Rybachy;Sparta;KS30630;06.09.2021;606;"17,32";Exp_2;New;1;SingleLine;11;"27,82";"40,43398283";"3,038492837";"40,48904233";"0,767334672";4;0;0;0;0;12;07.09.2021;norm;Yes
Passer domesticus;Rybachy;Sparta;KS30646;06.09.2021;607;"13,27";mix;New;1;MixedLines;18;"25,3";"35,9885337";"2,959364422";"36,01133112";"0,786187517";7;0;10200;46;"0,450980392";19;07.09.2021;norm;Yes
Passer domesticus;Rybachy;Sparta;KS30647;06.09.2021;608;"14,3";Exp_2;New;1;SingleLine;11;"24,66";"34,08066597";"2,880313309";"34,11128262";"0,77931074";8;0;0;0;0;12;07.09.2021;norm;Yes
Passer domesticus;Rybachy;Sparta;KS30624;06.09.2021;609;"15,21";Exp_2;New;1;SingleLine;11;"25,72";"38,16056348";"3,093624653";"38,19745845";"0,777534613";2;0;0;0;0;12;07.09.2021;norm;Yes
Passer domesticus;Rybachy;Sparta;KS30655;NA;610;"12,35";Exp_2;NA;;SingleLine;NA;"20,17";NA;NA;NA;NA;NA;NA;0;0;0;12;07.09.2021;NA;Yes
Passer domesticus;Rybachy;Siskinary;KS30666;06.09.2021;611;"13,25";Exp_2;Old;1;SingleLine;11;"24,74";"35,07656952";"2,919650762";"35,04566576";"0,826095825";8;0;11000;1;"0,009090909";12;07.09.2021;norm;Yes
Passer domesticus;Rybachy;Sparta;KS30638;08.09.2021;612;"14,79";Exp_2;Old;1;SingleLine;13;"22,22";"29,53392428";"2,692178788";"29,43671206";"0,89154385";5;0;17100;1;"0,005847953";14;09.09.2021;norm;Yes
Passer domesticus;Rybachy;Sparta;KS30675;08.09.2021;613;"14,66";Exp_2;Old;1;SingleLine;13;"27,59";"34,92400608";"2,596507348";"34,87331771";"0,841446127";4;0;0;0;0;14;09.09.2021;norm;Yes
Passer domesticus;Rybachy;Sparta;KS30695;08.09.2021;614;"14,29";Exp_2;Old;1;SingleLine;13;"22,36";"33,35136539";"3,078620822";"33,3333318";"0,817066459";3;0;19600;14;"0,071428571";14;09.09.2021;norm;Yes
Passer domesticus;Rybachy;Sparta;KS30665;08.09.2021;615;"23,81";Exp_2;Old;1;SingleLine;13;"24,51";"35,80997805";"2,996668405";"35,75742625";"0,841802078";2;0;11500;41;"0,356521739";14;09.09.2021;norm;Yes
Passer domesticus;Rybachy;Siskinary;KS30645;08.09.2021;616;"16,22";Exp_1;New;1;SingleLine;20;"22,27";"24,04395391";"2,237359343";"24,0451548";"0,801457547";5;0;17000;8;"0,047058824";21;09.09.2021;norm;Yes
Passer domesticus;Rybachy;Siskinary;KS30682;08.09.2021;617;"19,13";Exp_1;New;1;SingleLine;20;"23,51";"32,26831923";"2,851930807";"32,28278218";"0,791013968";3;0;10800;1;"0,009259259";21;09.09.2021;norm;Yes
Passer domesticus;Rybachy;Siskinary;KS30683;08.09.2021;618;"17,7";Exp_1;New;1;SingleLine;20;"23,62";"29,01116968";"2,549400713";"29,01957985";"0,795156077";2;0;16400;2;"0,012195122";21;09.09.2021;norm;Yes
Passer domesticus;Rybachy;Siskinary;KS30677;08.09.2021;619;"41,13";Exp_1;New;1;SingleLine;20;"27,08";"33,09067986";"2,53225791";"33,09234043";"0,801450061";7;0;0;0;0;21;09.09.2021;norm;Yes
Passer domesticus;Rybachy;Siskinary;KS30667;08.09.2021;620;NA;Exp_1;New;1;SingleLine;20;"24,18";"34,0950751";"2,938013277";"34,12442332";"0,780259755";8;0;11500;14;"0,12173913";21;09.09.2021;norm;Yes
Passer domesticus;Rybachy;Siskinary;KS30679;08.09.2021;621;"22,32";Exp_1;New;1;SingleLine;20;"25,23";"35,942228";"2,960630622";"35,95932331";"0,7902871";6;0;10300;1;"0,009708738";21;09.09.2021;norm;Yes
Passer domesticus;Rybachy;Siskinary;KS30697;08.09.2021;622;NA;Exp_1;Old;1;SingleLine;20;"24,47";"31,29705347";"2,638441078";"31,27764251";"0,819197809";6;0;25200;1;"0,003968254";21;09.09.2021;norm;Yes
Passer domesticus;Rybachy;Siskinary;KS30658;08.09.2021;623;"15,05";Exp_1;Old;1;SingleLine;20;"27,4";"34,4521512";"2,595274978";"34,43356898";"0,817037491";7;0;0;0;0;21;09.09.2021;norm;Yes
Passer domesticus;Rybachy;Siskinary;KS30622;08.09.2021;624;"19,77";Exp_1;Old;1;SingleLine;20;"25,95";"36,68401228";"2,921679555";"36,6713869";"0,81185505";8;0;16700;4;"0,023952096";21;09.09.2021;norm;Yes
Passer domesticus;Rybachy;Siskinary;KS30627;08.09.2021;625;NA;Exp_1;New;1;SingleLine;20;"22,68";"28,82911527";"2,630530011";"28,8246984";"0,80680199";4;0;1470;541;"36,80272109";21;09.09.2021;norm;No
Passer domesticus;Rybachy;Sparta;KS30640;09.09.2021;626;"21,11";Exp_1;Old;1;SingleLine;21;"25,72";"33,53143013";"2,694190872";"33,51932107";"0,812267811";3;0;10000;7;"0,07";22;10.09.2021;norm;Yes
Passer domesticus;Rybachy;Sparta;KS30669;09.09.2021;627;"14,25";Exp_1;Old;1;SingleLine;21;"26,1";"39,6597172";"3,104760606";"39,57935182";"0,856873804";4;0;25800;1;"0,003875969";22;10.09.2021;norm;Yes
Passer domesticus;Rybachy;Sparta;KS30676;09.09.2021;628;"11,52";Exp_1;Old;1;SingleLine;21;"27,58";"36,18976521";"2,705835862";"36,16516166";"0,820712511";2;0;80700;1;"0,001239157";22;10.09.2021;norm;Yes
Passer domesticus;Rybachy;Sparta;KS30672;09.09.2021;629;"28,43";Exp_1;Old;1;SingleLine;21;"25,21";"34,54645411";"2,823901773";"34,51950716";"0,82333792";5;0;10000;8;"0,08";22;10.09.2021;norm;Yes
Passer domesticus;Rybachy;Sparta;KS30660;09.09.2021;630;"14,72";Exp_1;Old;1;SingleLine;21;"24,13";"33,29495459";"2,855845147";"33,29052843";"0,806275789";6;0;14300;2;"0,013986014";22;10.09.2021;norm;Yes
Passer domesticus;Rybachy;Sparta;KS30681;09.09.2021;631;NA;Exp_1;Old;1;SingleLine;21;"23,66";"27,6816509";"2,36817829";"27,58717899";"0,894204391";7;0;14600;3;"0,020547945";22;10.09.2021;norm;Yes
Passer domesticus;Rybachy;Sparta;KS30680;09.09.2021;632;"31,2";Exp_1;Old;1;SingleLine;21;"23,5";"32,26140884";"2,838464168";"32,25217734";"0,810282034";8;0;21000;1;"0,004761905";22;10.09.2021;norm;Yes
Passer domesticus;Rybachy;Sparta;KS30623;10.09.2021;632;"56,03";Cont;Old;0;Control;16;"20,66";"28,46966414";"2,842762336";"28,45212088";"0,819102164";5;0;0;0;0;17;11.09.2021;norm;Yes
Passer domesticus;Rybachy;Siskinary;KS30635;10.09.2021;633;"24,85";Cont;New;0;Control;16;"23,58";"32,1796951";"2,846300235";"32,21211066";"0,776475262";2;0;0;0;0;17;11.09.2021;norm;Yes
Passer domesticus;Rybachy;Siskinary;KS30663;10.09.2021;634;"10,62";Cont;New;0;Control;16;"25,48";"37,55644808";"3,067878254";"37,58280251";"0,784415913";3;0;0;0;0;17;11.09.2021;norm;Yes
Passer domesticus;Rybachy;Siskinary;KS30673;10.09.2021;635;"16,66";Cont;New;0;Control;16;"25,06";"35,21305648";"2,928186104";"35,24409351";"0,779745469";4;0;0;0;0;17;11.09.2021;norm;Yes
Passer domesticus;Rybachy;Siskinary;KS30674;10.09.2021;636;"17,15";Cont;New;0;Control;16;"26,88";"36,16309027";"2,797889579";"36,1839983";"0,787622777";5;0;0;0;0;17;11.09.2021;norm;Yes
Passer domesticus;Rybachy;Siskinary;KS30653;10.09.2021;637;"14,97";Cont;New;0;Control;16;"22,35";"27,37288022";"2,525498147";"27,35424938";"0,820765365";6;0;0;0;0;17;11.09.2021;norm;Yes
Passer domesticus;Rybachy;Sparta;KS30692;10.09.2021;639;"23,01";Cont;Old;0;Control;16;"24,61";"33,07377817";"2,767819371";"33,04531289";"0,825625657";6;0;0;0;0;17;11.09.2021;norm;Yes
Passer domesticus;Rybachy;Sparta;KS30636;10.09.2021;640;"12,17";Cont;Old;0;Control;16;"23,99";"30,56420992";"2,632090734";"30,55187547";"0,813431822";4;0;0;0;0;17;11.09.2021;norm;Yes
Passer domesticus;Rybachy;Sparta;KS30668;10.09.2021;641;"13,58";Cont;Old;0;Control;16;"22,44";"29,80602887";"2,74574984";"29,79666053";"0,811075927";3;0;0;0;0;17;11.09.2021;norm;Yes
Passer domesticus;Rybachy;Sparta;KS30661;10.09.2021;642;"13,14";Cont;Old;0;Control;16;"25,93";"35,01810599";"2,771204713";"34,9691181";"0,839984143";2;0;0;0;0;17;11.09.2021;norm;Yes
Passer domesticus;Rybachy;Siskinary;KS30621;NA;643;"12,73";Exp_2;NA;1;SingleLine;NA;"25,46";NA;NA;NA;NA;NA;0;0;0;0;17;12.09.2021;NA;Yes
Passer domesticus;Rybachy;Siskinary;KS30641;11.09.2021;644;"15,76";Exp_2;New;1;SingleLine;16;"27,8";"45,50776434";"3,425579427";"45,57642697";"0,763559849";8;0;0;0;0;17;12.09.2021;norm;Yes
Passer domesticus;Rybachy;Siskinary;KS30689;11.09.2021;645;"12,7";Exp_2;New;1;SingleLine;16;"20,23";"27,1864751";"2,783473352";"27,18578108";"0,803432751";7;0;12400;39;"0,314516129";17;12.09.2021;norm;Yes
Passer domesticus;Rybachy;Siskinary;KS30659;11.09.2021;646;"10,36";Exp_2;New;1;SingleLine;16;"24,86";"35,79356747";"2,983220816";"35,79450815";"0,802072675";6;0;10800;149;"1,37962963";17;12.09.2021;norm;Yes
Passer domesticus;Rybachy;Siskinary;KS30666;11.09.2021;647;16;Exp_2;New;1;SingleLine;16;"25,42";"27,92588373";"2,295232229";"27,96129138";"0,76976919";5;0;13300;9;"0,067669173";17;12.09.2021;norm;Yes
Passer domesticus;Rybachy;Siskinary;KS30652;11.09.2021;648;"15,13";Exp_2;New;1;SingleLine;16;"22,87";"28,00975465";"2,541111634";"28,01623481";"0,796698947";4;0;15500;5;"0,032258065";17;12.09.2021;norm;Yes
Passer domesticus;Rybachy;Siskinary;KS30662;11.09.2021;649;"15,92";Exp_2;New;1;SingleLine;16;"27,4";"35,00724661";"2,659445629";"35,03219646";"0,784141668";3;0;13400;4;"0,029850746";17;12.09.2021;norm;Yes
Passer domesticus;Rybachy;Sparta;KS30647;NA;650;"8,89";Exp_2;NA;1;SingleLine;NA;"24,47";NA;NA;NA;NA;NA;0;18800;1;"0,005319149";17;12.09.2021;NA;Yes
Passer domesticus;Rybachy;Sparta;KS30646;NA;651;"19,35";mix;NA;1;MixedLines;;"25,66";NA;NA;NA;NA;NA;0;13900;7;"0,050359712";24;12.09.2021;NA;Yes
Passer domesticus;Rybachy;Sparta;KS30655;NA;652;"12,12";Exp_2;NA;1;SingleLine;NA;"20,8";NA;NA;NA;NA;NA;0;20700;1;"0,004830918";17;12.09.2021;NA;Yes
Passer domesticus;Rybachy;Sparta;KS30670;NA;653;"39,97";Exp_2;NA;1;SingleLine;NA;"21,75";NA;NA;NA;NA;NA;0;0;0;0;17;12.09.2021;NA;No
Passer domesticus;Rybachy;Sparta;KS30630;NA;654;"13,35";Exp_2;NA;1;SingleLine;NA;"21,75";NA;NA;NA;NA;NA;0;16100;5;"0,031055901";17;12.09.2021;NA;No
Passer domesticus;Rybachy;Sparta;KS30624;NA;655;"9,81";Exp_2;NA;1;SingleLine;NA;"25,1";NA;NA;NA;NA;NA;0;0;0;0;17;12.09.2021;NA;Yes
Passer domesticus;Rybachy;Sparta;KS30695;12.09.2021;656;"15,82";Exp_2;Old;1;SingleLine;17;"23,23";"29,89409616";"2,647452825";"29,86354942";"0,82990431";4;0;0;0;0;18;13.09.2021;norm;Yes
Passer domesticus;Rybachy;Sparta;KS30638;12.09.2021;657;"15,61";Exp_2;Old;1;SingleLine;17;"22,28";"29,56101073";"2,699446239";"29,48265406";"0,873735049";2;0;17500;16;"0,091428571";18;13.09.2021;norm;Yes
Passer domesticus;Rybachy;Sparta;KS30665;12.09.2021;658;"29,94";Exp_2;Old;1;SingleLine;17;"25,24";"38,8328563";"3,180054788";"38,8199346";"0,81157156";5;0;NA;NA;NA;18;13.09.2021;norm;Yes
Passer domesticus;Rybachy;Sparta;KS30675;12.09.2021;659;"22,24";Exp_2;Old;1;SingleLine;17;"27,78";"37,62686618";"2,804079478";"37,62329472";"0,805278809";3;0;0;0;0;18;13.09.2021;norm;Yes
Passer domesticus;Rybachy;Siskinary;KS30627;12.09.2021;660;"11,14";Exp_1;Old;1;SingleLine;24;"21,45";"29,95345227";"2,858936622";"29,90147544";"0,848999504";7;0;1600;645;"40,3125";25;13.09.2021;norm;No
Passer domesticus;Rybachy;Siskinary;KS30658;12.09.2021;661;"12,55";Exp_1;New;1;SingleLine;24;"26,84";"33,46615902";"2,600501082";"33,49968555";"0,776554667";6;0;13300;8;"0,060150376";25;13.09.2021;norm;Yes
Passer domesticus;Rybachy;Siskinary;KS30677;12.09.2021;662;"29,77";Exp_1;New;1;SingleLine;24;"27,2";"36,33994178";"2,782573526";"36,36883488";"0,781929962";2;0;14400;2;"0,013888889";25;13.09.2021;norm;Yes
Passer domesticus;Rybachy;Siskinary;KS30667;12.09.2021;663;"36,26";Exp_1;New;1;SingleLine;24;"24,62";"36,14239909";"3,065148018";"36,18473575";"0,772197802";3;0;11900;6;"0,050420168";25;13.09.2021;norm;Yes
Passer domesticus;Rybachy;Siskinary;KS30682;12.09.2021;664;"10,68";Exp_1;New;1;SingleLine;24;"24,23";"34,50053771";"2,973780629";"34,54223763";"0,771182869";4;0;100000;1;"0,001";25;13.09.2021;norm;Yes
Passer domesticus;Rybachy;Siskinary;KS30697;12.09.2021;665;"25,13";Exp_1;New;1;SingleLine;24;"24,94";"31,15811925";"2,594056667";"31,16875901";"0,793795079";7;0;11300;5;"0,044247788";25;13.09.2021;norm;Yes
Passer domesticus;Rybachy;Siskinary;KS30622;12.09.2021;666;"13,32";Exp_1;New;1;SingleLine;24;"25,19";"30,75999543";"2,550764124";"30,79797265";"0,770508599";5;0;12300;3;"0,024390244";25;13.09.2021;norm;Yes
Passer domesticus;Rybachy;Siskinary;KS30683;12.09.2021;667;"32,33";Exp_1;New;1;SingleLine;24;"23,03";"32,15574419";"2,897886883";"32,16465981";"0,795478263";8;0;16500;5;"0,03030303";25;13.09.2021;norm;Yes
Passer domesticus;Rybachy;Siskinary;KS30645;12.09.2021;668;"17,76";Exp_1;Old;1;SingleLine;24;"22,85";"29,72732664";"2,682029663";"29,70603051";"0,821759058";6;0;13600;6;"0,044117647";25;13.09.2021;norm;Yes
Passer domesticus;Rybachy;Siskinary;KS30679;12.09.2021;669;"18,58";Exp_1;Old;1;SingleLine;24;"25,09";"38,60274709";"3,178524069";"38,58705164";"0,813521636";8;0;13500;4;"0,02962963";25;13.09.2021;norm;Yes
Passer domesticus;Rybachy;Sparta;KS30660;13.09.2021;670;"19,37";Exp_1;Old;1;SingleLine;25;"24,61";"34,09104466";"2,857531479";"34,0697748";"0,819338367";8;0;13600;2;"0,014705882";26;14.09.2021;norm;Yes
Passer domesticus;Rybachy;Sparta;KS30680;13.09.2021;671;"16,69";Exp_1;Old;1;SingleLine;25;"24,65";"33,35569386";"2,77626538";"33,30835484";"0,840623646";7;0;0;0;0;26;14.09.2021;norm;Yes
Passer domesticus;Rybachy;Sparta;KS30681;13.09.2021;672;"10,78";Exp_1;Old;1;SingleLine;25;"24,34";"33,36987635";"2,823152316";"33,34056181";"0,826215062";6;0;10400;1;"0,009615385";26;14.09.2021;norm;Yes
Passer domesticus;Rybachy;Sparta;KS30672;13.09.2021;673;"13,69";Exp_1;Old;1;SingleLine;25;"25,66";"35,93396423";"2,888937343";"35,9119557";"0,819092089";5;0;12800;2;"0,015625";26;14.09.2021;norm;Yes
Passer domesticus;Rybachy;Sparta;KS30669;13.09.2021;674;"13,46";Exp_1;Old;1;SingleLine;25;"26,66";"38,61524064";"2,979523069";"38,57534453";"0,830300853";4;0;12400;2;"0,016129032";26;14.09.2021;norm;Yes
Passer domesticus;Rybachy;Sparta;KS30640;13.09.2021;675;"12,07";Exp_1;Old;1;SingleLine;25;"26,51";"33,24015263";"2,592593604";"33,23091937";"0,810163171";3;0;11500;3;"0,026086957";26;14.09.2021;norm;Yes
Passer domesticus;Rybachy;Sparta;KS30676;13.09.2021;676;"10,31";Exp_1;Old;1;SingleLine;25;"28,24";"35,06543729";"2,559908382";"35,04056535";"0,82161535";2;0;21200;1;"0,004716981";26;14.09.2021;norm;Yes
Passer domesticus;Rybachy;Siskinary;KS30673;14.09.2021;677;NA;Cont;New;0;Control;20;"24,8";"43,36310146";"3,6534713";"43,41847716";"0,769397192";4;0;0;0;0;21;15.09.2021;norm;Yes
Passer domesticus;Rybachy;Siskinary;KS30635;14.09.2021;678;"25,8";Cont;New;0;Control;20;"23,9";"31,1680345";"2,724625427";"31,20738864";"0,769768869";5;0;0;0;0;21;15.09.2021;norm;Yes
Passer domesticus;Rybachy;Siskinary;KS30653;14.09.2021;679;NA;Cont;New;0;Control;20;"21,88";"26,6627527";"2,543694416";"26,69286564";"0,77322457";2;0;0;0;0;21;15.09.2021;norm;Yes
Passer domesticus;Rybachy;Siskinary;KS30674;14.09.2021;680;NA;Cont;New;0;Control;20;"26,79";"40,517441";"3,13930194";"40,52934174";"0,795057185";3;0;0;0;0;21;15.09.2021;norm;Yes
Passer domesticus;Rybachy;Siskinary;KS30663;14.09.2021;681;"21,33";Cont;New;0;Control;20;"25,23";"41,83190382";"3,459830872";"41,87709096";"0,774496941";6;0;0;0;0;21;15.09.2021;norm;Yes
Passer domesticus;Rybachy;Sparta;KS30636;14.09.2021;682;NA;Cont;Old;0;Control;20;"23,89";"34,73233737";"3,009172282";"34,72794097";"0,806135234";4;0;0;0;0;21;15.09.2021;norm;Yes
Passer domesticus;Rybachy;Sparta;KS30623;14.09.2021;683;"26,07";Cont;Old;0;Control;20;"21,24";"33,5206291";"3,268795659";"33,51980776";"0,803432072";3;0;0;0;0;21;15.09.2021;norm;Yes
Passer domesticus;Rybachy;Sparta;KS30692;14.09.2021;684;NA;Cont;Old;0;Control;20;"24,46";"34,97699705";"2,958069585";"34,96963457";"0,808354203";2;0;0;0;0;21;15.09.2021;norm;Yes
Passer domesticus;Rybachy;Sparta;KS30668;14.09.2021;685;NA;Cont;Old;0;Control;20;"22,59";"29,38854723";"2,691614181";"29,38304442";"0,807737458";5;0;0;0;0;21;15.09.2021;norm;Yes
Passer domesticus;Rybachy;Sparta;KS30661;14.09.2021;686;"14,35";Cont;Old;0;Control;20;"26,25";"35,91451566";"2,811250321";"35,87146724";"0,834727654";6;0;0;0;0;21;15.09.2021;norm;Yes
Passer domesticus;Rybachy;Sparta;KS30646;15.09.2021;687;"21,06";mix;Old;1;MixedLines;27;"25,03";"35,61579282";"2,935357308";"35,59372656";"0,819186183";7;0;13000;2;"0,015384615";28;16.09.2021;norm;Yes
Passer domesticus;Rybachy;Sparta;KS30647;15.09.2021;688;"7,59";Exp_2;Old;1;SingleLine;20;"24,99";"35,26670952";"2,914741421";"35,25110048";"0,8144815";6;0;100000;1;"0,001";21;16.09.2021;norm;Yes
Passer domesticus;Rybachy;Sparta;KS30655;15.09.2021;689;"16,55";Exp_2;Old;1;SingleLine;20;"21,48";"27,07753146";"2,574080271";"27,0202722";"0,859347922";5;0;16900;7;"0,041420118";21;16.09.2021;norm;Yes
Passer domesticus;Rybachy;Sparta;KS30670;15.09.2021;690;NA;Exp_2;Old;1;SingleLine;20;"21,96";"29,37558595";"2,732781882";"29,31551455";"0,857495067";4;0;0;0;0;21;16.09.2021;norm;No
Passer domesticus;Rybachy;Sparta;KS30630;15.09.2021;691;"23,95";Exp_2;Old;1;SingleLine;20;"28,3";"43,32052604";"3,170620495";"43,31955133";"0,803370542";3;0;50000;1;"0,002";21;16.09.2021;norm;Yes
Passer domesticus;Rybachy;Sparta;KS30624;15.09.2021;692;"22,46";Exp_2;Old;1;SingleLine;20;"25,83";"34,58876398";"2,762472901";"34,56746818";"0,819112409";2;0;0;0;0;21;16.09.2021;norm;Yes
Passer domesticus;Rybachy;Siskinary;KS30659;15.09.2021;693;"24,91";Exp_2;New;1;SingleLine;20;"25,35";"33,89552215";"2,77572548";"33,90602577";"0,794623949";4;0;11050;39;"0,352941176";21;16.09.2021;norm;Yes
Passer domesticus;Rybachy;Siskinary;KS30621;15.09.2021;694;NA;Exp_2;New;1;SingleLine;20;"25,95";"33,16770805";"2,673047037";"33,21452026";"0,765914349";5;0;0;0;0;21;16.09.2021;norm;Yes
Passer domesticus;Rybachy;Siskinary;KS30662;15.09.2021;695;NA;Exp_2;New;1;SingleLine;20;"27,42";"38,36020952";"2,917536058";"38,39822544";"0,776830838";3;0;10800;46;"0,425925926";21;16.09.2021;norm;Yes
Passer domesticus;Rybachy;Siskinary;KS30666;15.09.2021;696;"20,37";Exp_2;New;1;SingleLine;20;"24,83";"36,19226681";"3,056590569";"36,25793343";"0,755526043";2;0;12400;3;"0,024193548";21;16.09.2021;norm;Yes
Passer domesticus;Rybachy;Siskinary;KS30641;15.09.2021;697;"23,01";Exp_2;New;1;SingleLine;20;"27,91";"41,94442098";"3,136394671";"41,99048783";"0,774034831";7;0;14700;4;"0,027210884";21;16.09.2021;norm;Yes
Passer domesticus;Rybachy;Siskinary;KS30689;15.09.2021;698;"19,05";Exp_2;New;1;SingleLine;20;"21,23";"28,62483564";"2,802136062";"28,6384339";"0,790289523";6;0;10150;634;"6,246305419";21;16.09.2021;norm;Yes
Passer domesticus;Rybachy;Siskinary;KS30652;15.09.2021;699;"18,5";Exp_2;Old;1;SingleLine;20;"22,89";"32,70365272";"2,952021245";"32,69106782";"0,812972014";8;0;10170;332;"3,264503441";21;16.09.2021;norm;Yes
Passer domesticus;Rybachy;Sparta;KS30695;16.09.2021;700;"11,76";Exp_2;Old;1;SingleLine;21;"23,25";"32,31803957";"2,873188045";"32,30745603";"0,811415153";2;0;21850;10;"0,04576659";22;17.09.2021;norm;Yes
Passer domesticus;Rybachy;Sparta;KS30675;16.09.2021;701;NA;Exp_2;Old;1;SingleLine;21;"28,62";"40,84651482";"2,960826771";"40,85521447";"0,797173916";3;0;0;0;0;22;17.09.2021;norm;Yes
Passer domesticus;Rybachy;Sparta;KS30638;16.09.2021;702;"13,55";Exp_2;Old;1;SingleLine;21;"22,13";"30,00120455";"2,795464515";"29,9807344";"0,820831919";4;0;11250;106;"0,942222222";22;17.09.2021;norm;Yes
Passer domesticus;Rybachy;Sparta;KS30665;16.09.2021;703;NA;Exp_2;Old;1;SingleLine;21;"25,58";"34,57129333";"2,781571206";"34,53804848";"0,82824951";5;0;28000;1;"0,003571429";22;17.09.2021;norm;Yes
Passer domesticus;Rybachy;Siskinary;KS30645;16.09.2021;704;"13,01";Exp_1;Old;1;SingleLine;28;"23,12";"30,67826939";"2,740712707";"30,66486863";"0,814309165";7;0;14500;1;"0,006896552";29;17.09.2021;norm;Yes
Passer domesticus;Rybachy;Siskinary;KS30667;16.09.2021;705;NA;Exp_1;Old;1;SingleLine;28;"25,22";"41,89328303";"3,434473562";"41,88125397";"0,810345771";6;0;16500;1;"0,006060606";29;17.09.2021;norm;Yes
Passer domesticus;Rybachy;Siskinary;KS30682;16.09.2021;706;"13,5";Exp_1;Old;1;SingleLine;28;"25,03";"38,88253764";"3,209885976";"38,86787511";"0,812730378";8;0;23000;3;"0,013043478";29;17.09.2021;norm;Yes
Passer domesticus;Rybachy;Siskinary;KS30679;18.09.2021;707;NA;Exp_1;Old;1;SingleLine;30;"24,96";"35,43183404";"2,926255251";"35,4061042";"0,822036685";7;0;10260;15;"0,14619883";31;19.09.2021;norm;Yes
Passer domesticus;Rybachy;Siskinary;KS30677;18.09.2021;708;"29,99";Exp_1;Old;1;SingleLine;30;"26,61";"33,53542017";"2,583619969";"33,48392305";"0,843690371";6;0;10170;4;"0,039331367";31;19.09.2021;norm;Yes
Passer domesticus;Rybachy;Siskinary;KS30683;18.09.2021;709;NA;Exp_1;Old;1;SingleLine;30;"23,38";"32,26044733";"2,843747682";"32,23598473";"0,822920724";5;0;12500;41;"0,328";31;19.09.2021;norm;Yes
Passer domesticus;Rybachy;Siskinary;KS30658;18.09.2021;710;"13,43";Exp_1;Old;1;SingleLine;30;"27,16";"34,35059443";"2,602356989";"34,31628115";"0,829268198";4;0;10000;1;"0,01";31;19.09.2021;norm;Yes
Passer domesticus;Rybachy;Siskinary;KS30622;18.09.2021;711;NA;Exp_1;Old;1;SingleLine;30;"26,45";"36,75317083";"2,860098449";"36,71836354";"0,827917422";3;0;18000;2;"0,011111111";31;19.09.2021;norm;Yes
Passer domesticus;Rybachy;Siskinary;KS30697;18.09.2021;712;NA;Exp_1;Old;1;SingleLine;30;24;"30,94043234";"2,666033512";"30,93249833";"0,809539827";2;0;0;0;0;31;19.09.2021;norm;Yes
Passer domesticus;Rybachy;Sparta;KS30669;18.09.2021;713;"37,22";Exp_1;New;1;SingleLine;30;"25,57";"37,01629608";"3,001722238";"37,02140329";"0,799140917";6;0;33500;1;"0,002985075";31;19.09.2021;norm;Yes
Passer domesticus;Rybachy;Sparta;KS30676;18.09.2021;714;NA;Exp_1;New;1;SingleLine;30;"26,84";"35,9849072";"2,789497265";"36,00805831";"0,785890304";8;0;0;0;0;31;19.09.2021;norm;Yes
Passer domesticus;Rybachy;Sparta;KS30640;18.09.2021;715;"14,33";Exp_1;New;1;SingleLine;30;"25,08";"30,60249008";"2,525832026";"30,59906646";"0,805721551";7;0;10000;13;"0,13";31;19.09.2021;norm;Yes
Passer domesticus;Rybachy;Sparta;KS30681;18.09.2021;716;NA;Exp_1;New;1;SingleLine;30;"23,53";"30,43927955";"2,678299555";"30,43661557";"0,805079414";3;0;14500;2;"0,013793103";31;19.09.2021;norm;Yes
Passer domesticus;Rybachy;Sparta;KS30680;18.09.2021;717;NA;Exp_1;New;1;SingleLine;30;"23,53";"30,66734551";"2,713622616";"30,69029884";"0,783145834";2;0;22300;1;"0,004484305";31;19.09.2021;norm;Yes
Passer domesticus;Rybachy;Sparta;KS30672;18.09.2021;718;"12,37";Exp_1;New;1;SingleLine;30;"24,2";"25,77500071";"2,216786066";"25,79293658";"0,784528234";5;0;10000;1;"0,01";31;19.09.2021;norm;Yes
Passer domesticus;Rybachy;Sparta;KS30660;18.09.2021;719;NA;Exp_1;New;1;SingleLine;30;"23,78";"34,36639004";"3,005375826";"34,38601824";"0,787779957";4;0;100000;1;"0,001";31;19.09.2021;norm;Yes
Passer domesticus;Rybachy;Siskinary;KS30673;19.09.2021;720;"13,06";Cont;Old;0;Control;25;"24,82";"40,31394159";"3,360326951";"40,30604028";"0,807943057";6;0;0;0;0;26;20.09.2021;norm;Yes
Passer domesticus;Rybachy;Siskinary;KS30674;19.09.2021;721;"19,29";Cont;Old;0;Control;25;"26,63";"37,0419944";"2,857624602";"36,9964796";"0,835423157";5;0;0;0;0;26;20.09.2021;norm;Yes
Passer domesticus;Rybachy;Siskinary;KS30653;19.09.2021;722;"24,65";Cont;Old;0;Control;25;"24,3";"30,97980253";"2,748281344";"30,96963754";"0,811446951";4;0;0;0;0;26;20.09.2021;norm;Yes
Passer domesticus;Rybachy;Siskinary;KS30635;19.09.2021;723;"26,73";Cont;Old;0;Control;25;"23,82";"33,04210384";"2,872526595";"33,04024946";"0,804258279";3;0;0;0;0;26;20.09.2021;norm;Yes
Passer domesticus;Rybachy;Siskinary;KS30663;19.09.2021;724;"17,13";Cont;Old;0;Control;25;"24,99";"38,74666512";"3,196932945";"38,71981763";"0,821113807";2;0;0;0;0;26;20.09.2021;norm;Yes
Passer domesticus;Rybachy;Sparta;KS30692;19.09.2021;725;"16,05";Cont;New;0;Control;25;"24,67";"34,20188558";"2,880392289";"34,21665246";"0,791412569";6;0;0;0;0;26;20.09.2021;norm;Yes
Passer domesticus;Rybachy;Sparta;KS30661;19.09.2021;726;"16,77";Cont;New;0;Control;25;"25,47";"33,16221284";"2,70537025";"33,17699924";"0,791041862";2;0;0;0;0;26;20.09.2021;norm;Yes
Passer domesticus;Rybachy;Sparta;KS30668;19.09.2021;727;"16,69";Cont;New;0;Control;25;"23,07";"36,69687922";"3,303719483";"36,71085731";"0,792747631";3;0;0;0;0;26;20.09.2021;norm;Yes
Passer domesticus;Rybachy;Sparta;KS30623;19.09.2021;728;"22,51";Cont;New;0;Control;25;"21,79";"30,79959632";"2,936901913";"30,81322963";"0,791135889";5;0;0;0;0;26;20.09.2021;norm;Yes
Passer domesticus;Rybachy;Sparta;KS30636;19.09.2021;729;"14,35";Cont;New;0;Control;25;"23,92";"36,25673181";"3,155068106";"36,28242457";"0,784163694";4;0;0;0;0;26;20.09.2021;norm;Yes
Passer domesticus;Rybachy;Sparta;KS30647;NA;730;"22,46";Exp_2;NA;1;SingleLine;NA;"25,33";NA;NA;NA;NA;NA;0;0;0;0;26;21.09.2021;NA;Yes
Passer domesticus;Rybachy;Sparta;KS30646;NA;731;"15,85";mix;NA;1;MixedLines;NA;"25,57";NA;NA;NA;NA;NA;0;14400;4;"0,027777778";33;21.09.2021;NA;Yes
Passer domesticus;Rybachy;Sparta;KS30655;NA;732;"17,53";Exp_2;NA;1;SingleLine;NA;"21,95";NA;NA;NA;NA;NA;0;13250;601;"4,535849057";26;21.09.2021;NA;Yes
Passer domesticus;Rybachy;Sparta;KS30624;NA;733;"16,32";Exp_2;NA;1;SingleLine;NA;"26,78";NA;NA;NA;NA;NA;0;0;0;0;26;21.09.2021;NA;Yes
Passer domesticus;Rybachy;Sparta;KS30670;NA;734;"20,8";Exp_2;NA;1;SingleLine;NA;"19,86";NA;NA;NA;NA;NA;0;100000;1;"0,0001";26;21.09.2021;NA;No
Passer domesticus;Rybachy;Sparta;KS30630;NA;735;"16,74";Exp_2;NA;1;SingleLine;NA;"29,44";NA;NA;NA;NA;NA;0;0;0;0;26;21.09.2021;NA;Yes
Passer domesticus;Rybachy;Siskinary;KS30659;NA;736;"26,81";Exp_2;NA;1;SingleLine;NA;"25,34";NA;NA;NA;NA;NA;0;20600;1;"0,004854369";26;21.09.2021;NA;Yes
Passer domesticus;Rybachy;Siskinary;KS30662;NA;737;"23,04";Exp_2;NA;1;SingleLine;NA;"26,9";NA;NA;NA;NA;NA;0;0;0;0;26;21.09.2021;NA;Yes
Passer domesticus;Rybachy;Siskinary;KS30641;NA;738;"19,32";Exp_2;NA;1;SingleLine;NA;"28,41";NA;NA;NA;NA;NA;0;0;0;0;26;21.09.2021;NA;Yes
Passer domesticus;Rybachy;Siskinary;KS30689;NA;739;"18,43";Exp_2;NA;1;SingleLine;NA;"22,16";NA;NA;NA;NA;NA;0;1500;43;"2,866666667";26;21.09.2021;NA;Yes
Passer domesticus;Rybachy;Siskinary;KS30621;NA;740;NA;Exp_2;NA;1;SingleLine;NA;"25,43";NA;NA;NA;NA;NA;0;0;0;0;26;21.09.2021;NA;Yes
Passer domesticus;Rybachy;Siskinary;KS30652;NA;741;"19,82";Exp_2;NA;1;SingleLine;NA;"21,32";NA;NA;NA;NA;NA;0;1500;237;"15,8";26;21.09.2021;NA;Yes
Passer domesticus;Rybachy;Siskinary;KS30666;NA;742;"17,32";Exp_2;NA;1;SingleLine;NA;"25,13";NA;NA;NA;NA;NA;0;10000;1;"0,01";26;21.09.2021;NA;Yes
Passer domesticus;Rybachy;Sparta;KS30638;21.09.2021;743;"20,48";Exp_2;New;1;SingleLine;26;"22,42";"33,30042192";"3,089820914";"33,32101638";"0,786506114";4;0;12500;18;"0,144";27;22.09.2021;norm;Yes
Passer domesticus;Rybachy;Sparta;KS30695;21.09.2021;744;"18,11";Exp_2;New;1;SingleLine;26;"23,26";"29,97419946";"2,683579603";"29,99741619";"0,782418695";5;0;16900;11;"0,065088757";27;22.09.2021;norm;Yes
Passer domesticus;Rybachy;Siskinary;KS30679;21.09.2021;745;"23,83";Exp_1;New;1;SingleLine;33;"26,11";"43,73279673";"3,497657953";"43,78462842";"0,771712963";2;0;16400;13;"0,079268293";34;22.09.2021;norm;Yes
Passer domesticus;Rybachy;Siskinary;KS30667;21.09.2021;746;"17,5";Exp_1;New;1;SingleLine;33;"25,63";"38,57494652";"3,128339738";"38,5940447";"0,789743898";3;0;27500;4;"0,014545455";34;22.09.2021;norm;Yes
Passer domesticus;Rybachy;Sparta;KS30665;21.09.2021;747;"21,14";Exp_2;New;1;SingleLine;26;"25,96";"37,84165165";"3,035212694";"37,87034794";"0,782890869";7;0;20000;1;"0,005";27;22.09.2021;norm;Yes
Passer domesticus;Rybachy;Sparta;KS30675;21.09.2021;748;"16,66";Exp_2;New;1;SingleLine;26;"28,56";"37,63794988";"2,744986322";"37,6684175";"0,781562933";6;0;0;0;0;27;22.09.2021;norm;Yes
Passer domesticus;Rybachy;Siskinary;KS30677;21.09.2021;NA;NA;Exp_1;Old;1;SingleLine;33;"27,97";"42,28645041";"3,120649942";"42,26393437";"0,816869068";8;0;NA;NA;NA;34;22.09.2021;<27;Yes
Passer domesticus;Rybachy;Siskinary;KS30645;21.09.2021;NA;NA;Exp_1;Old;1;SingleLine;33;"23,5";"35,16399475";"3,084280932";"35,13793647";"0,82239371";7;0;NA;NA;NA;34;22.09.2021;<27;Yes
Passer domesticus;Rybachy;Siskinary;KS30682;21.09.2021;NA;NA;Exp_1;Old;1;SingleLine;33;"25,04";"41,89602924";"3,44906192";"41,86557316";"0,822043021";6;0;NA;NA;NA;34;22.09.2021;<27;Yes
Passer domesticus;Rybachy;Siskinary;KS30683;21.09.2021;NA;NA;Exp_1;Old;1;SingleLine;33;"24,16";"35,54896342";"3,019745663";"35,49996185";"0,839423307";5;0;NA;NA;NA;34;22.09.2021;<27;Yes
Passer domesticus;Rybachy;Siskinary;KS30697;21.09.2021;NA;NA;Exp_1;Old;1;SingleLine;33;"25,33";"34,5996555";"2,800542522";"34,54686392";"0,843365316";4;0;NA;NA;NA;34;22.09.2021;<27;Yes
Passer domesticus;Rybachy;Siskinary;KS30622;21.09.2021;NA;NA;Exp_1;Old;1;SingleLine;33;"26,57";"45,27983948";"3,525232601";"45,27013077";"0,808424913";2;0;NA;NA;NA;34;22.09.2021;<27;Yes
Passer domesticus;Rybachy;Siskinary;KS30658;21.09.2021;NA;NA;Exp_1;Old;1;SingleLine;33;"28,62";"44,80685769";"3,240711009";"44,80169104";"0,805809476";3;0;NA;NA;NA;34;22.09.2021;<27;Yes
Passer domesticus;Rybachy;Siskinary;KS30677;22.09.2021;749;"18,14";Exp_1;Old;1;SingleLine;34;"27,62";"36,52487507";"2,729316744";"36,50520401";"0,81729632";8;0;0;0;0;35;23.09.2021;norm;Yes
Passer domesticus;Rybachy;Siskinary;KS30645;22.09.2021;750;"17,21";Exp_1;Old;1;SingleLine;34;"22,84";"28,68710729";"2,584350553";"28,65885635";"0,829282809";7;0;0;0;0;35;23.09.2021;norm;Yes
Passer domesticus;Rybachy;Siskinary;KS30682;22.09.2021;751;"15,32";Exp_1;Old;1;SingleLine;34;"24,25";"34,80337608";"2,97153914";"34,800713";"0,804853794";6;0;10512;1;"0,009512938";35;23.09.2021;norm;Yes
Passer domesticus;Rybachy;Siskinary;KS30683;22.09.2021;752;"21,93";Exp_1;Old;1;SingleLine;34;"23,64";"33,90562871";"2,95882773";"33,8852431";"0,819040638";5;0;18300;1;"0,005464481";35;23.09.2021;norm;Yes
Passer domesticus;Rybachy;Siskinary;KS30697;22.09.2021;753;"13,43";Exp_1;Old;1;SingleLine;34;"24,85";"32,13130671";"2,678298845";"32,13086549";"0,803190395";4;0;0;0;0;35;23.09.2021;norm;Yes
Passer domesticus;Rybachy;Siskinary;KS30658;22.09.2021;754;"17,08";Exp_1;Old;1;SingleLine;34;"27,99";"37,96424323";"2,80944851";"37,96362266";"0,80326053";3;0;100000;1;"0,001";35;23.09.2021;norm;Yes
Passer domesticus;Rybachy;Siskinary;KS30622;22.09.2021;755;"17,58";Exp_1;Old;1;SingleLine;34;"25,43";"36,18900441";"2,94974545";"36,19210828";"0,800522536";2;0;13600;13;"0,095588235";35;23.09.2021;norm;Yes
Passer domesticus;Rybachy;Sparta;KS30669;22.09.2021;756;"21,96";Exp_1;New;1;SingleLine;34;"26,66";"41,74017349";"3,2718841";"41,79335679";"0,768802978";6;0;11300;1;"0,008849558";35;23.09.2021;norm;Yes
Passer domesticus;Rybachy;Sparta;KS30676;22.09.2021;757;18;Exp_1;New;1;SingleLine;34;"27,84";"33,94655247";"2,539608175";"33,97309993";"0,781850068";8;0;0;0;0;35;23.09.2021;norm;Yes
Passer domesticus;Rybachy;Sparta;KS30640;22.09.2021;758;"12,3";Exp_1;New;1;SingleLine;34;"26,06";"33,02112121";"2,625033941";"33,02134875";"0,802647387";7;0;10200;4;"0,039215686";35;23.09.2021;norm;Yes
Passer domesticus;Rybachy;Sparta;KS30680;22.09.2021;759;"17,74";Exp_1;New;1;SingleLine;34;"24,32";"34,9536959";"3,005744512";"35,00191278";"0,765967453";2;0;10300;4;"0,038834951";35;23.09.2021;norm;Yes
Passer domesticus;Rybachy;Sparta;KS30681;22.09.2021;760;"13,85";Exp_1;New;1;SingleLine;34;"23,42";"34,12958159";"3,020608499";"34,13246902";"0,800557512";3;0;21300;2;"0,009389671";35;23.09.2021;norm;Yes
Passer domesticus;Rybachy;Sparta;KS30672;22.09.2021;761;16;Exp_1;New;1;SingleLine;34;"25,26";"30,33176252";"2,50456172";"30,3618907";"0,776253641";5;0;10000;1;"0,01";35;23.09.2021;norm;Yes
Passer domesticus;Rybachy;Sparta;KS30660;22.09.2021;762;"18,4";Exp_1;New;1;SingleLine;34;"23,88";"38,04155696";"3,324109109";"38,08166238";"0,774614416";4;0;16500;3;"0,018181818";35;23.09.2021;norm;Yes
Passer domesticus;Rybachy;Sparta;KS30661;23.09.2021;763;"13,01";Cont;Old;0;Control;29;"27,19";"39,09828399";"2,974357329";"39,08958055";"0,808692862";2;0;0;0;0;30;24.09.2021;norm;Yes
Passer domesticus;Rybachy;Sparta;KS30668;23.09.2021;764;"12,79";Cont;Old;0;Control;29;"23,54";"33,59125876";"2,973548842";"35,37681046";"0,779930775";3;0;0;0;0;30;24.09.2021;norm;Yes
Passer domesticus;Rybachy;Sparta;KS30636;23.09.2021;765;"14,39";Cont;Old;0;Control;29;"24,03";"35,56364316";"3,079853581";"37,65154573";"0,785090044";4;0;0;0;0;30;24.09.2021;norm;Yes
Passer domesticus;Rybachy;Sparta;KS30623;23.09.2021;766;"17,04";Cont;Old;0;Control;29;"21,79";"34,46332672";"3,290310513";"36,5332035";"0,786347534";5;0;0;0;0;30;24.09.2021;norm;Yes
Passer domesticus;Rybachy;Sparta;KS30692;23.09.2021;767;"10,22";Cont;Old;0;Control;29;"24,35";"40,81490791";"3,487979058";"43,22035315";"0,785300823";6;0;0;0;0;30;24.09.2021;norm;Yes
Passer domesticus;Rybachy;Siskinary;KS30635;23.09.2021;768;"13,5";Cont;New;0;Control;29;"23,54";"26,94315867";"2,381750641";"26,9610485";"0,785298792";5;0;0;0;0;30;24.09.2021;norm;Yes
Passer domesticus;Rybachy;Siskinary;KS30673;23.09.2021;769;"10,39";Cont;New;0;Control;29;"25,3";"39,0982385";"3,23990055";"39,16701844";"0,756441401";4;0;0;0;0;30;24.09.2021;norm;Yes
Passer domesticus;Rybachy;Siskinary;KS30653;23.09.2021;770;"11,59";Cont;New;0;Control;29;"24,13";"33,142324";"2,858989066";"33,16566248";"0,784113674";7;0;0;0;0;30;24.09.2021;norm;Yes
Passer domesticus;Rybachy;Siskinary;KS30663;23.09.2021;771;"9,36";Cont;New;0;Control;29;"25,24";"34,47584708";"2,846264515";"34,50570441";"0,779980698";6;0;0;0;0;30;24.09.2021;norm;Yes
Passer domesticus;Rybachy;Siskinary;KS30674;23.09.2021;772;"9,33";Cont;New;0;Control;29;"27,16";"39,31314047";"2,983240464";"39,28366282";"0,822784397";3;0;0;0;0;30;24.09.2021;norm;Yes
Passer domesticus;Rybachy;Siskinary;KS30652;24.09.2021;773;"3,81";Exp_2;Old;1;SingleLine;29;"17,72";"16,82775146";"1,950951907";"16,80713458";"0,835403137";8;0;1007;161;"15,98808342";30;25.09.2021;norm;Yes
Passer domesticus;Rybachy;Siskinary;KS30662;24.09.2021;774;"15,08";Exp_2;Old;1;SingleLine;29;"28,41";"39,00085695";"2,846689212";"39,00661855";"0,798881981";6;0;0;0;0;30;25.09.2021;norm;Yes
Passer domesticus;Rybachy;Siskinary;KS30641;24.09.2021;775;"14,43";Exp_2;Old;1;SingleLine;29;"28,42";"45,40272055";"3,315761558";"45,41543348";"0,795400418";5;0;0;0;0;30;25.09.2021;norm;Yes
Passer domesticus;Rybachy;Siskinary;KS30689;24.09.2021;776;"10,27";Exp_2;Old;1;SingleLine;29;"21,52";"31,89066834";"3,056108415";"31,86951894";"0,820374681";4;0;17300;9;"0,052023121";30;25.09.2021;norm;Yes
Passer domesticus;Rybachy;Siskinary;KS30621;24.09.2021;777;NA;Exp_2;Old;1;SingleLine;29;"26,13";"41,15657335";"3,26104179";"41,15310403";"0,804990856";3;0;0;0;0;30;25.09.2021;norm;Yes
Passer domesticus;Rybachy;Siskinary;KS30666;24.09.2021;778;"10,34";Exp_2;Old;1;SingleLine;29;"25,45";"35,83091523";"2,913685896";"35,82566856";"0,806643633";2;0;0;0;0;30;25.09.2021;norm;Yes
Passer domesticus;Rybachy;Sparta;KS30630;24.09.2021;779;"8,92";Exp_2;New;1;SingleLine;29;"29,28";"43,42112527";"3,110415177";"43,50104238";"0,754726504";4;0;0;0;0;30;25.09.2021;norm;Yes
Passer domesticus;Rybachy;Sparta;KS30655;24.09.2021;780;"12,32";Exp_2;New;1;SingleLine;29;"22,16";"25,3082272";"2,376559906";"25,32505348";"0,785275941";5;0;10500;424;"4,038095238";30;25.09.2021;norm;Yes
Passer domesticus;Rybachy;Siskinary;KS30659;24.09.2021;781;NA;Exp_2;New;1;SingleLine;29;"24,74";"34,91251962";"2,92634875";"34,91776347";"0,798815205";3;0;0;0;0;30;25.09.2021;norm;Yes
Passer domesticus;Rybachy;Sparta;KS30624;24.09.2021;782;"8,57";Exp_2;New;1;SingleLine;29;"25,97";"34,47399348";"2,774072771";"34,51863578";"0,768852839";2;0;0;0;0;30;25.09.2021;norm;Yes
Passer domesticus;Rybachy;Sparta;KS30647;24.09.2021;783;NA;Exp_2;New;1;SingleLine;29;"24,7";"35,37468061";"2,987039583";"35,41015268";"0,776450122";7;0;100000;1;"0,001";30;25.09.2021;norm;Yes
Passer domesticus;Rybachy;Sparta;KS30646;24.09.2021;784;"13,29";mix;New;1;MixedLines;36;"26,52";"39,59968886";"3,112008571";"39,63503228";"0,779330375";6;0;12400;3;"0,024193548";37;25.09.2021;norm;Yes
Passer domesticus;Rybachy;Sparta;KS30675;25.09.2021;785;"10,01";Exp_2;Old;1;SingleLine;30;"28,79";"40,82590948";"2,937849523";"40,82635154";"0,802487364";3;0;18300;1;"0,005464481";31;26.09.2021;norm;Yes
Passer domesticus;Rybachy;Sparta;KS30665;25.09.2021;786;"12,66";Exp_2;Old;1;SingleLine;30;"25,58";"38,57884758";"3,117133199";"38,5657556";"0,811733234";2;0;12800;1;"0,0078125";31;26.09.2021;norm;Yes
Passer domesticus;Rybachy;Sparta;KS30638;25.09.2021;787;"11,52";Exp_2;Old;1;SingleLine;30;"22,57";"31,96842168";"2,926269684";"31,95558989";"0,813370773";5;0;12400;12;"0,096774194";31;26.09.2021;norm;Yes
Passer domesticus;Rybachy;Sparta;KS30695;25.09.2021;788;"11,88";Exp_2;Old;1;SingleLine;30;"23,91";"33,84245679";"2,921563811";"33,82434889";"0,816898082";4;0;19900;62;"0,311557789";31;26.09.2021;norm;Yes
Passer domesticus;Rybachy;Siskinary;KS30697;25.09.2021;789;"11,99";Exp_1;New;1;SingleLine;37;"24,77";"31,81217222";"2,657348036";"31,80649867";"0,807465994";4;0;0;0;0;38;26.09.2021;norm;Yes
Passer domesticus;Rybachy;Siskinary;KS30658;25.09.2021;790;"10,89";Exp_1;New;1;SingleLine;37;"28,51";"36,39031447";"2,670802179";"36,44441065";"0,76391721";5;0;13500;2;"0,014814815";38;26.09.2021;norm;Yes
Passer domesticus;Rybachy;Siskinary;KS30683;25.09.2021;791;"18,75";Exp_1;New;1;SingleLine;37;"23,79";"35,24164051";"3,083726773";"35,26700817";"0,78386923";3;0;12800;2;"0,015625";38;26.09.2021;norm;Yes
Passer domesticus;Rybachy;Siskinary;KS30682;25.09.2021;792;"14,18";Exp_1;New;1;SingleLine;37;"24,61";"35,70755915";"3,027431725";"35,74562902";"0,77484173";2;0;11900;3;"0,025210084";38;26.09.2021;norm;Yes
Passer domesticus;Rybachy;Siskinary;KS30667;25.09.2021;793;"10,86";Exp_1;New;1;SingleLine;37;"24,93";"38,44847019";"3,22101118";"38,49486067";"0,771192061";7;0;17400;24;"0,137931034";38;26.09.2021;norm;Yes
Passer domesticus;Rybachy;Siskinary;KS30677;25.09.2021;794;"14,64";Exp_1;New;1;SingleLine;37;"28,13";"37,43239522";"2,766664678";"37,45249524";"0,788657269";8;0;0;0;0;38;26.09.2021;norm;Yes
Passer domesticus;Rybachy;Siskinary;KS30622;25.09.2021;795;NA;Exp_1;New;1;SingleLine;37;"25,55";"36,68861959";"2,997831631";"36,73077404";"0,772694457";6;0;14500;2;"0,013793103";38;26.09.2021;norm;Yes
Passer domesticus;Rybachy;Siskinary;KS30645;25.09.2021;796;"13,7";Exp_1;Old;1;SingleLine;37;"23,16";"32,28790461";"2,885892434";"32,28433078";"0,805689195";8;0;15200;2;"0,013157895";38;26.09.2021;norm;Yes
Passer domesticus;Rybachy;Siskinary;KS30679;25.09.2021;797;"15,59";Exp_1;Old;1;SingleLine;37;26;"42,81800124";"3,409169476";"42,81350551";"0,805539011";6;0;14100;5;"0,035460993";38;26.09.2021;norm;Yes
Passer domesticus;Rybachy;Sparta;KS30660;26.09.2021;798;"12,59";Exp_1;New;1;SingleLine;38;"24,39";"37,84494505";"3,227012755";"37,86696278";"0,78753063";6;0;13500;7;"0,051851852";39;27.09.2021;norm;Yes
Passer domesticus;Rybachy;Sparta;KS30681;26.09.2021;799;"15,85";Exp_1;New;1;SingleLine;38;"23,75";"34,42232316";"3,011867561";"34,43826959";"0,790619802";7;0;16600;9;"0,054216867";39;27.09.2021;norm;Yes
Passer domesticus;Rybachy;Sparta;KS30680;26.09.2021;800;"10,4";Exp_1;New;1;SingleLine;38;"24,71";"34,12433606";"2,875241248";"34,14978341";"0,783256296";8;0;21300;2;"0,009389671";39;27.09.2021;norm;Yes
Passer domesticus;Rybachy;Sparta;KS30676;26.09.2021;801;"12,73";Exp_1;New;1;SingleLine;38;"28,66";"38,70514504";"2,818654695";"38,74817231";"0,77374056";2;0;10000;2;"0,02";39;27.09.2021;norm;Yes
Passer domesticus;Rybachy;Sparta;KS30640;26.09.2021;802;"13,94";Exp_1;New;1;SingleLine;38;"26,5";"35,88656165";"2,812051545";"35,89923397";"0,79350283";3;0;10000;10;"0,1";39;27.09.2021;norm;Yes
Passer domesticus;Rybachy;Sparta;KS30672;26.09.2021;803;NA;Exp_1;New;1;SingleLine;38;"25,22";"28,82793549";"2,381914199";"28,85313566";"0,779909376";5;0;10700;1;"0,009345794";39;27.09.2021;norm;Yes
Passer domesticus;Rybachy;Sparta;KS30669;26.09.2021;804;"40,11";Exp_1;New;1;SingleLine;38;"27,35";"45,73992703";"3,49617274";"45,80189681";"0,767459889";4;0;11000;2;"0,018181818";39;27.09.2021;norm;Yes
Passer domesticus;Rybachy;Sparta;KS30692;27.09.2021;805;NA;Cont;Old;0;Control;33;"24,73";"36,30852295";"3,031404634";"36,29074688";"0,815759544";2;0;0;0;0;34;28.09.2021;norm;Yes
Passer domesticus;Rybachy;Sparta;KS30623;27.09.2021;806;"19,81";Cont;Old;0;Control;33;"21,69";"33,87257373";"3,232430746";"33,86838567";"0,806032865";3;0;0;0;0;34;28.09.2021;norm;Yes
Passer domesticus;Rybachy;Sparta;KS30636;27.09.2021;807;NA;Cont;Old;0;Control;33;"24,83";"37,50396349";"3,114983716";"37,47915817";"0,820303163";4;0;0;0;0;34;28.09.2021;norm;Yes
Passer domesticus;Rybachy;Sparta;KS30668;27.09.2021;808;"13,92";Cont;Old;0;Control;33;"23,7";"33,92184007";"2,961601442";"33,9159836";"0,807336229";5;0;0;0;0;34;28.09.2021;norm;Yes
Passer domesticus;Rybachy;Sparta;KS30661;27.09.2021;809;"9,17";Cont;Old;0;Control;33;"27,4";"40,86114339";"3,085330864";"40,85335072";"0,807819526";6;0;0;0;0;34;28.09.2021;norm;Yes
Passer domesticus;Rybachy;Siskinary;KS30653;27.09.2021;810;"13,4";Cont;New;0;Control;33;"23,59";"29,66185854";"2,549988279";"29,56967267";"0,886579542";6;0;0;0;0;34;28.09.2021;norm;Yes
Passer domesticus;Rybachy;Siskinary;KS30674;27.09.2021;811;NA;Cont;New;0;Control;33;"27,27";"36,28237934";"2,76326305";"36,2960812";"0,792837347";5;0;0;0;0;34;28.09.2021;norm;Yes
Passer domesticus;Rybachy;Siskinary;KS30663;27.09.2021;812;"14,91";Cont;New;0;Control;33;"25,79";"36,86555604";"2,976566066";"36,89375378";"0,782691282";2;0;0;0;0;34;28.09.2021;norm;Yes
Passer domesticus;Rybachy;Siskinary;KS30635;27.09.2021;813;"15,46";Cont;New;0;Control;33;"23,7";"34,16196227";"2,987287205";"34,16404898";"0,801166376";3;0;0;0;0;34;28.09.2021;norm;Yes
Passer domesticus;Rybachy;Siskinary;KS30673;27.09.2021;814;"12,11";Cont;New;0;Control;33;"24,71";"38,76641182";"3,262541388";"38,78847898";"0,787811744";4;0;0;0;0;34;28.09.2021;norm;Yes
Passer domesticus;Rybachy;Sparta;KS30630;28.09.2021;815;"12,67";Exp_2;New;1;SingleLine;33;"29,9";"41,53838053";"2,894798477";"41,57440157";"0,780067276";4;0;10000;1;"0,01";34;29.09.2021;norm;Yes
Passer domesticus;Rybachy;Sparta;KS30655;28.09.2021;816;"12,8";Exp_2;New;1;SingleLine;33;"23,01";"24,95454535";"2,252173402";"24,96361978";"0,793220876";5;0;10900;73;"0,669724771";34;29.09.2021;norm;Yes
Passer domesticus;Rybachy;Sparta;KS30647;28.09.2021;817;"8,8";Exp_2;New;1;SingleLine;33;"24,59";"33,46999128";"2,826105197";"33,48127224";"0,793915286";2;0;0;0;0;34;29.09.2021;norm;Yes
Passer domesticus;Rybachy;Sparta;KS30646;28.09.2021;818;"13,73";mix;New;1;MixedLines;40;"26,12";"39,56338186";"3,14210864";"39,57144683";"0,797412931";3;0;10400;7;"0,067307692";41;29.09.2021;norm;Yes
Passer domesticus;Rybachy;Sparta;KS30624;28.09.2021;819;"14,62";Exp_2;New;1;SingleLine;33;"25,85";"33,33750854";"2,677634536";"33,34861014";"0,79402766";6;0;100000;1;"0,001";34;29.09.2021;norm;Yes
Passer domesticus;Rybachy;Siskinary;KS30666;30.09.2021;820;"12,43";Exp_2;New;1;SingleLine;35;"25,03";"32,8447263";"2,730058222";"32,86563834";"0,78607761";4;0;0;0;0;34;29.09.2021;norm;Yes
Passer domesticus;Rybachy;Siskinary;KS30659;30.09.2021;821;"24,98";Exp_2;New;1;SingleLine;35;"25,17";"30,10149643";"2,488524444";"30,12138054";"0,785452526";5;0;12800;1;"0,0078125";34;29.09.2021;norm;Yes
Passer domesticus;Rybachy;Siskinary;KS30662;30.09.2021;822;"11,33";Exp_2;New;1;SingleLine;35;"27,33";"35,42429739";"2,691733692";"35,43719608";"0,793205695";6;0;11940;1;"0,008375209";34;29.09.2021;norm;Yes
Passer domesticus;Rybachy;Siskinary;KS30641;30.09.2021;823;"13,52";Exp_2;New;1;SingleLine;35;"27,93";"40,25365706";"2,992769244";"40,26788032";"0,793489177";7;0;13500;1;"0,007407407";34;29.09.2021;norm;Yes
Passer domesticus;Rybachy;Siskinary;KS30689;30.09.2021;824;"14,3";Exp_2;New;1;SingleLine;35;"21,5";"31,91862566";"3,059497543";"31,89412495";"0,823108403";3;0;10700;24;"0,224299065";34;29.09.2021;norm;Yes
Passer domesticus;Rybachy;Siskinary;KS30621;30.09.2021;825;NA;Exp_2;New;1;SingleLine;35;"26,11";"39,54066797";"3,159490323";"39,58230965";"0,775250956";2;0;0;0;0;34;29.09.2021;norm;Yes
Passer domesticus;Rybachy;Sparta;KS30695;29.09.2021;826;"14,22";Exp_2;New;1;SingleLine;34;"24,25";"33,3917195";"2,873112332";"33,42717298";"0,774843883";2;0;10300;3;"0,029126214";35;30.09.2021;norm;Yes
Passer domesticus;Rybachy;Sparta;KS30665;29.09.2021;827;"15,11";Exp_2;New;1;SingleLine;34;"25,74";"36,13423956";"2,910873176";"36,13927447";"0,799099326";3;0;22700;3;"0,013215859";35;30.09.2021;norm;Yes
Passer domesticus;Rybachy;Sparta;KS30638;29.09.2021;828;"11,72";Exp_2;New;1;SingleLine;34;"22,22";"26,39763385";"2,467331525";"26,40752396";"0,792882537";5;0;10700;5;"0,046728972";35;30.09.2021;norm;Yes
Passer domesticus;Rybachy;Sparta;KS30675;29.09.2021;829;"11,73";Exp_2;New;1;SingleLine;34;"28,83";"39,72320059";"2,872284289";"39,76011447";"0,77839078";4;0;100000;1;"0,0001";35;30.09.2021;norm;Yes
Passer domesticus;Rybachy;Sparta;KS30661;01.10.2021;829;NA;Cont;New;0;Control;37;"27,85";"40,20236043";"3,009672397";"40,24078816";"0,777810545";6;0;0;0;0;38;02.10.2021;norm;Yes
Passer domesticus;Rybachy;Sparta;KS30692;01.10.2021;830;"17,6";Cont;New;0;Control;37;"25,26";"35,67568917";"2,946630641";"35,71339584";"0,775190552";2;0;0;0;0;38;02.10.2021;norm;Yes
Passer domesticus;Rybachy;Sparta;KS30668;01.10.2021;831;"11,75";Cont;New;0;Control;37;"24,27";"26,20637554";"2,244840687";"26,22022915";"0,788928317";5;0;0;0;0;38;02.10.2021;norm;Yes
Passer domesticus;Rybachy;Sparta;KS30623;01.10.2021;832;"14,82";Cont;New;0;Control;37;"22,47";"36,19922832";"3,344328525";"36,21047685";"0,794619061";3;0;0;0;0;38;02.10.2021;norm;Yes
Passer domesticus;Rybachy;Sparta;KS30636;01.10.2021;833;"14,8";Cont;New;0;Control;37;"24,95";"37,16506008";"3,090805235";"37,17399896";"0,79645921";4;0;0;0;0;38;02.10.2021;norm;Yes
Passer domesticus;Rybachy;Siskinary;KS30663;01.10.2021;834;"12,45";Cont;Old;0;Control;37;"25,57";"36,93914549";"2,98088924";"36,91765864";"0,818189923";6;0;0;0;0;38;02.10.2021;norm;Yes
Passer domesticus;Rybachy;Siskinary;KS30673;01.10.2021;835;"14,28";Cont;Old;0;Control;37;"24,97";"36,57717674";"3,024576048";"36,55940365";"0,815638609";4;0;0;0;0;38;02.10.2021;norm;Yes
Passer domesticus;Rybachy;Siskinary;KS30674;01.10.2021;836;"14,38";Cont;Old;0;Control;37;"27,22";"39,95749183";"3,026986369";"39,93030868";"0,820798899";3;0;0;0;0;38;02.10.2021;norm;Yes
Passer domesticus;Rybachy;Siskinary;KS30635;01.10.2021;837;"11,96";Cont;Old;0;Control;37;"23,75";"30,58588633";"2,645960586";"30,5487786";"0,835025438";5;0;0;0;0;38;02.10.2021;norm;Yes
Passer domesticus;Rybachy;Siskinary;KS30653;01.10.2021;838;"11,78";Cont;Old;0;Control;37;"23,93";"29,4070566";"2,514510398";"29,35378238";"0,851183671";2;0;0;0;0;38;02.10.2021;norm;Yes
Passer domesticus;Rybachy;Siskinary;KS30621;06.08.2021;NA;NA;Exp_2;Old;1;SingleLine;-20;"24,4";"37,22111499";"3,185161332";"37,26525358";"0,772114435";8;1;0;0;0;NA;NA;norm;Yes
Passer domesticus;Rybachy;Sparta;KS30624;06.08.2021;NA;NA;Exp_2;Old;1;SingleLine;-20;"25,46";"38,15215823";"3,132079424";"38,2032709";"0,768195628";7;1;0;0;0;NA;NA;norm;Yes
Passer domesticus;Rybachy;Sparta;KS30630;06.08.2021;NA;NA;Exp_2;New;1;SingleLine;-20;"27,44";"38,0891508";"2,882024573";"38,10190196";"0,794011644";3;1;0;0;0;NA;NA;norm;Yes
Passer domesticus;Rybachy;Siskinary;KS30632;06.08.2021;NA;NA;Exp_2;Old;1;SingleLine;-20;"24,48";"35,72887399";"3,047757081";"35,77180453";"0,771753251";2;1;0;0;0;NA;NA;norm;No
Passer domesticus;Rybachy;Siskinary;KS30641;06.08.2021;NA;NA;Exp_2;New;1;SingleLine;-20;"27,23";"38,1750037";"2,939290792";"38,24359225";"0,756298591";8;1;0;0;0;NA;NA;norm;Yes
Passer domesticus;Rybachy;Sparta;KS30623;06.08.2021;NA;NA;Cont;Old;0;Control;-19;"21,63";"31,62064539";"3,053608928";"31,65995484";"0,770624302";6;1;0;0;0;NA;NA;norm;Yes
Passer domesticus;Rybachy;Siskinary;KS30635;06.08.2021;NA;NA;Cont;Old;0;Control;-19;"24,53";"34,46313688";"2,938420916";"34,51275184";"0,765663139";3;1;0;0;0;NA;NA;norm;Yes
Passer domesticus;Rybachy;Sparta;KS30636;06.08.2021;NA;NA;Cont;New;0;Control;-19;"24,55";"34,61196015";"2,944134958";"34,65339782";"0,771659";5;1;0;0;0;NA;NA;norm;Yes
Passer domesticus;Rybachy;Sparta;KS30646;07.08.2021;NA;NA;mix;Old;1;MixedLines;-19;"25,13";"38,17540976";"3,170884709";"38,21820344";"0,773385279";4;1;0;0;0;NA;NA;norm;Yes
Passer domesticus;Rybachy;Sparta;KS30647;07.08.2021;NA;NA;Exp_2;Old;1;SingleLine;-19;"25,17";"32,8444033";"2,700005879";"32,83865702";"0,807417192";5;1;0;0;0;NA;NA;norm;Yes
Passer domesticus;Rybachy;Siskinary;KS30662;07.08.2021;NA;NA;Exp_2;Old;1;SingleLine;-19;"26,56";"36,94318505";"2,903305812";"36,98446702";"0,773409463";7;1;0;0;0;NA;NA;norm;Yes
Passer domesticus;Rybachy;Siskinary;KS30663;07.08.2021;NA;NA;Cont;Old;0;Control;-18;"24,63";"32,11459933";"2,721742488";"32,15072982";"0,773209716";8;1;0;0;0;NA;NA;norm;Yes
Passer domesticusdome;Rybachy;Siskinary;KS30666;08.08.2021;NA;NA;Exp_2;New;1;SingleLine;-18;"22,68";"29,50972087";"2,710537518";"29,6573061";"0,781018799";8;1;0;0;0;NA;NA;norm;Yes
Passer domesticus;Rybachy;Sparta;KS30670;08.08.2021;NA;NA;Exp_2;Old;1;SingleLine;-18;"24,6";"33,03311634";"2,760426988";"32,99570367";"0,832890496";6;1;0;0;0;NA;NA;norm;No
Passer domesticusdome;Rybachy;Sparta;KS30675;08.08.2021;NA;NA;Exp_2;New;1;SingleLine;-18;"26,82";"34,67382731";"2,700995841";"34,71230474";"0,769896909";6;1;0;0;0;NA;NA;norm;Yes
Passer domesticus;Rybachy;Sparta;KS30668;08.08.2021;NA;NA;Cont;Old;0;Control;-17;"22,19";"30,16988105";"2,82719408";"30,18670817";"0,788114432";8;1;0;0;0;NA;NA;norm;Yes
Passer domesticusdome;Rybachy;Siskinary;KS30673;08.08.2021;NA;NA;Cont;New;0;Control;-17;"25,26";"37,17761808";"3,060996627";"37,3017686";"0,787440914";3;1;0;0;0;NA;NA;norm;Yes
Passer domesticusdome;Rybachy;Siskinary;KS30674;08.08.2021;NA;NA;Cont;New;0;Control;-17;25;"35,88606191";"2,984074904";"35,90281028";"0,789146737";4;1;0;0;0;NA;NA;norm;Yes
Passer domesticus;Rybachy;Sparta;KS30638;09.08.2021;NA;NA;Exp_2;Old;1;SingleLine;-17;"23,35";"34,77952592";"3,107804777";"34,81646995";"0,774920618";4;1;0;0;0;NA;NA;norm;Yes
Passer domesticus;Rybachy;Siskinary;KS30689;09.08.2021;NA;NA;Exp_2;New;1;SingleLine;-17;"20,72";"27,77292231";"2,768205777";"27,76034314";"0,814794936";3;1;0;0;0;NA;NA;norm;Yes
Passer domesticus;Rybachy;Sparta;KS30695;09.08.2021;NA;NA;Exp_2;New;1;SingleLine;-17;"22,64";"29,30317073";"2,677317457";"29,29679908";"0,808539791";6;1;0;0;0;NA;NA;norm;Yes
Passer domesticus;Rybachy;Sparta;KS30692;09.08.2021;NA;NA;Cont;New;0;Control;-16;"24,93";"32,90353964";"2,731079455";"32,89808601";"0,807170512";4;1;0;0;0;NA;NA;norm;Yes
Passer domesticus;Rybachy;Siskinary;KS30622;06.08.2021;NA;NA;Exp_1;New;1;SingleLine;-13;"26,62";"35,8259002";"2,796146608";"35,84147808";"0,791411327";2;1;0;0;0;NA;NA;norm;Yes
Passer domesticus;Rybachy;Siskinary;KS30627;06.08.2021;NA;NA;Exp_1;Old;1;SingleLine;-13;"23,88";"38,45608555";"3,31418257";"38,41834403";"0,828515368";4;1;0;0;0;NA;NA;norm;No
Passer domesticus;Rybachy;Sparta;KS30640;06.08.2021;NA;NA;Exp_1;New;1;SingleLine;-13;"24,69";"34,1633257";"2,91721823";"34,25350037";"0,734901463";7;1;0;0;0;NA;NA;norm;Yes
Passer domesticus;Rybachy;Sparta;KS30639;07.08.2021;NA;NA;Exp_1;Old;1;SingleLine;-12;"24,79";"35,09118632";"2,955655246";"35,13214357";"0,772111145";2;1;0;0;0;NA;NA;norm;No
Passer domesticus;Rybachy;Siskinary;KS30645;07.08.2021;NA;NA;Exp_1;Old;1;SingleLine;-12;"22,11";"28,49935018";"2,663589487";"28,48890459";"0,812503353";6;1;0;0;0;NA;NA;norm;Yes
Passer domesticus;Rybachy;Sparta;KS30660;07.08.2021;NA;NA;Exp_1;Old;1;SingleLine;-12;"23,63";"35,23869423";"3,107208953";"35,2687953";"0,780295685";3;1;0;0;0;NA;NA;norm;Yes
Passer domesticusdome;Rybachy;Siskinary;KS30667;08.08.2021;NA;NA;Exp_1;New;1;SingleLine;-11;"24,77";"37,24764405";"3,128975195";"37,39050694";"0,785521546";7;1;0;0;0;NA;NA;norm;Yes
Passer domesticusdome;Rybachy;Sparta;KS30669;08.08.2021;NA;NA;Exp_1;New;1;SingleLine;-11;"25,3";"39,16945933";"3,233522862";"39,46659722";"0,77107243";2;1;0;0;0;NA;NA;norm;Yes
Passer domesticusdome;Rybachy;Sparta;KS30676;08.08.2021;NA;NA;Exp_1;New;1;SingleLine;-11;"27,2";"33,67008515";"2,581755481";"33,877959";"0,776500119";5;1;0;0;0;NA;NA;norm;Yes
Passer domesticus;Rybachy;Siskinary;KS30677;08.08.2021;NA;NA;Exp_1;Old;1;SingleLine;-11;"26,5";"34,30523358";"2,698899933";"34,33762491";"0,777994277";5;1;0;0;0;NA;NA;norm;Yes
Passer domesticus;Rybachy;Siskinary;KS30679;08.08.2021;NA;NA;Exp_1;Old;1;SingleLine;-11;"24,51";"35,69260594";"3,012560492";"35,68530901";"0,808187768";4;1;0;0;0;NA;NA;norm;Yes
Passer domesticus;Rybachy;Sparta;KS30680;08.08.2021;NA;NA;Exp_1;Old;1;SingleLine;-11;"23,61";"34,30773651";"3,025165717";"34,33285178";"0,783521921";3;1;0;0;0;NA;NA;norm;Yes
Passer domesticus;Rybachy;Sparta;KS30624;15.08.2021;NA;NA;Exp_2;Old;1;SingleLine;-11;"25,87";"37,57140042";"3,036576598";"37,62273581";"0,766850151";6;0;0;0;0;NA;NA;norm;Yes
Passer domesticus;Rybachy;Sparta;KS30630;15.08.2021;NA;NA;Exp_2;New;1;SingleLine;-11;"27,23";"40,19010489";"3,082528701";"40,2384799";"0,771190419";2;0;0;0;0;NA;NA;norm;Yes
Passer domesticus;Rybachy;Sparta;KS30646;15.08.2021;NA;NA;mix;New;1;MixedLines;-11;"25,18";"36,63184256";"3,023317052";"36,64900378";"0,790428744";7;0;0;0;0;NA;NA;norm;Yes
Passer domesticus;Rybachy;Sparta;KS30647;15.08.2021;NA;NA;Exp_2;New;1;SingleLine;-11;"24,6";"32,0747868";"2,705616444";"32,08279537";"0,796188445";8;0;0;0;0;NA;NA;norm;Yes
Passer domesticus;Rybachy;Sparta;KS30655;15.08.2021;NA;NA;Exp_2;New;1;SingleLine;-11;"23,05";"26,21101331";"2,356683899";"26,21266918";"0,801113093";5;1;0;0;0;NA;NA;norm;Yes
Passer domesticus;Rybachy;Sparta;KS30665;15.08.2021;NA;NA;Exp_2;Old;1;SingleLine;-11;"25,1";"42,21434469";"3,522072802";"42,28207933";"0,760728725";2;1;0;0;0;NA;NA;norm;Yes
Passer domesticus;Rybachy;Sparta;KS30670;15.08.2021;NA;NA;Exp_2;New;1;SingleLine;-11;"24,68";"34,98062778";"2,933125077";"34,97523421";"0,80686362";3;0;0;0;0;NA;NA;norm;No
Passer domesticus;Rybachy;Sparta;KS30675;15.08.2021;NA;NA;Exp_2;Old;1;SingleLine;-11;"27,38";"37,76486469";"2,890874531";"37,83013979";"0,757508373";5;0;0;0;0;NA;NA;norm;Yes
Passer domesticus;Rybachy;Sparta;KS30695;15.08.2021;NA;NA;Exp_2;Old;1;SingleLine;-11;"22,44";"30,80584558";"2,853946818";"30,82187261";"0,789042353";4;0;0;0;0;NA;NA;norm;Yes
Passer domesticus;Rybachy;Sparta;KS30681;09.08.2021;NA;NA;Exp_1;Old;1;SingleLine;-10;"24,04";"30,04128545";"2,600547847";"30,0615262";"0,785061418";5;1;0;0;0;NA;NA;norm;Yes
Passer domesticus;Rybachy;Siskinary;KS30682;09.08.2021;NA;NA;Exp_1;Old;1;SingleLine;-10;"23,72";"31,13381303";"2,742013369";"31,17258545";"0,770154796";3;1;0;0;0;NA;NA;norm;Yes
Passer domesticus;Rybachy;Siskinary;KS30683;09.08.2021;NA;NA;Exp_1;Old;1;SingleLine;-10;"23,42";"32,35421198";"2,860564933";"32,35206714";"0,804529967";2;1;0;0;0;NA;NA;norm;Yes
Passer domesticus;Rybachy;Siskinary;KS30697;09.08.2021;NA;NA;Exp_1;New;1;SingleLine;-10;"24,69";"25,58753184";"2,092056689";"25,49107057";"0,904978721";5;1;0;0;0;NA;NA;norm;Yes
Passer domesticus;Rybachy;Sparta;KS30623;15.08.2021;NA;NA;Cont;Old;0;Control;-10;"20,94";"31,83357078";"3,185522649";"31,88738165";"0,758420131";7;0;0;0;0;NA;NA;norm;Yes
Passer domesticus;Rybachy;Sparta;KS30636;15.08.2021;NA;NA;Cont;Old;0;Control;-10;"25,35";"36,11530112";"2,982606366";"36,17153931";"0,761877538";8;0;0;0;0;NA;NA;norm;Yes
Passer domesticus;Rybachy;Sparta;KS30661;15.08.2021;NA;NA;Cont;New;0;Control;-10;"26,89";"39,65296967";"1,37136588";"39,69518376";"0,774825717";6;1;0;0;0;NA;NA;norm;Yes
Passer domesticus;Rybachy;Sparta;KS30692;15.08.2021;NA;NA;Cont;Old;0;Control;-10;"24,5";"34,96813662";"2,971618671";"34,99412528";"0,783221929";3;0;0;0;0;NA;NA;norm;Yes
Passer domesticus;Rybachy;Siskinary;KS30621;17.08.2021;NA;NA;Exp_2;New;1;SingleLine;-9;"24,06";"36,30081307";"3,144233698";"36,33280513";"0,779584201";3;0;0;0;0;NA;NA;norm;Yes
Passer domesticus;Rybachy;Siskinary;KS30632;17.08.2021;NA;NA;Exp_2;New;1;SingleLine;-9;"23,26";"31,39021076";"2,809183632";"31,41253771";"0,784035491";5;0;0;0;0;NA;NA;norm;No
Passer domesticus;Rybachy;Siskinary;KS30641;17.08.2021;NA;NA;Exp_2;New;1;SingleLine;-9;"26,66";"37,72379468";"2,937683693";"37,73592605";"0,79428658";8;0;0;0;0;NA;NA;norm;Yes
Passer domesticus;Rybachy;Siskinary;KS30652;17.08.2021;NA;NA;Exp_2;Old;1;SingleLine;-9;"23,98";"35,96642646";"3,140306048";"36,02312683";"0,761511533";2;1;0;0;0;NA;NA;norm;Yes
Passer domesticus;Rybachy;Siskinary;KS30659;17.08.2021;NA;NA;Exp_2;Old;1;SingleLine;-9;"23,38";"35,17651771";"3,153307695";"35,2373482";"0,757656928";6;1;0;0;0;NA;NA;norm;Yes
Passer domesticus;Rybachy;Siskinary;KS30666;17.08.2021;NA;NA;Exp_2;Old;1;SingleLine;-9;"24,79";"32,78252362";"2,769154389";"32,83495608";"0,761001249";7;0;0;0;0;NA;NA;norm;Yes
Passer domesticus;Rybachy;Siskinary;KS30635;17.08.2021;NA;NA;Cont;New;0;Control;-8;"23,26";"31,91257298";"2,855351773";"31,93431967";"0,784822717";6;0;0;0;0;NA;NA;norm;Yes
Passer domesticus;Rybachy;Siskinary;KS30653;17.08.2021;NA;NA;Cont;Old;0;Control;-8;"23,25";"32,61630093";"2,93789088";"32,66889676";"0,76062291";5;1;0;0;0;NA;NA;norm;Yes
Passer domesticus;Rybachy;Siskinary;KS30673;17.08.2021;NA;NA;Cont;Old;0;Control;-8;"24,91";"36,52955169";"3,0525122";"36,55553015";"0,784114248";4;0;0;0;0;NA;NA;norm;Yes
Passer domesticus;Rybachy;Siskinary;KS30674;17.08.2021;NA;NA;Cont;Old;0;Control;-8;"25,08";"39,19097599";"3,287057291";"39,28034387";"0,743566587";3;0;0;0;0;NA;NA;norm;Yes
Passer domesticus;Rybachy;Sparta;KS30638;19.08.2021;NA;NA;Exp_2;Old;1;SingleLine;-7;"24,85";"35,32438342";"2,970856387";"35,37053722";"0,768539066";7;0;0;0;0;NA;NA;norm;Yes
Passer domesticus;Rybachy;Siskinary;KS30662;19.08.2021;NA;NA;Exp_2;Old;1;SingleLine;-7;"27,06";"37,46746486";"2,892413111";"37,51396372";"0,770316248";4;0;0;0;0;NA;NA;norm;Yes
Passer domesticus;Rybachy;Siskinary;KS30663;19.08.2021;NA;NA;Cont;Old;0;Control;-6;"24,96";"38,51356402";"3,217561352";"38,55104632";"0,777232217";2;0;0;0;0;NA;NA;norm;Yes
Passer domesticus;Rybachy;Sparta;KS30668;19.08.2021;NA;NA;Cont;Old;0;Control;-6;"22,28";"30,97485022";"2,908918854";"31,02068495";"0,764055451";6;0;0;0;0;NA;NA;norm;Yes
Passer domesticus;Rybachy;Sparta;KS30639;15.08.2021;NA;NA;Exp_1;New;1;SingleLine;-4;"24,32";"34,08142846";"2,907055749";"34,0883437";"0,797429246";4;0;0;0;0;NA;NA;norm;No
Passer domesticus;Rybachy;Siskinary;KS30622;17.08.2021;NA;NA;Exp_1;New;1;SingleLine;-2;"25,47";"35,55594571";"2,903787316";"35,57743634";"0,786842883";2;0;0;0;0;NA;NA;norm;Yes
Passer domesticus;Rybachy;Siskinary;KS30658;17.08.2021;NA;NA;Exp_1;New;1;SingleLine;-2;"26,52";"34,74333999";"2,725875919";"34,76587916";"0,785711776";4;1;0;0;0;NA;NA;norm;Yes
Passer domesticus;Rybachy;Siskinary;KS30667;17.08.2021;NA;NA;Exp_1;Old;1;SingleLine;-2;"24,91";"40,0757238";"3,367560051";"40,13741743";"0,762543546";8;0;0;0;0;NA;NA;norm;Yes
