"","BF1","BF2","BF3","BF4","BF5","BS1","BS2","BS3","BS4","BS5","FH1","FH2","FH3","FH4","FH5","F1","F2","F3","LD1","LD2","LD3","LH1","LH2","LH3","LH4","LH5","LH6","MV1","MV2","MV3","MV4","R1","R2","R3","R4","SO1","SO2","SO3"
"Acanthonotozoma.inflatum",0,0,0,3,0,1,2,0,0,0,0,0,1,2,0,0,1,2,0,0,3,3,0,0,0,0,0,0,0,2,2,0,0,0,3,2,2,0
"Acanthonotozoma.rusanovae",0,0,0,3,0,0,3,0,0,0,0,0,1,2,0,0,1,2,0,0,3,3,0,0,0,0,0,0,0,2,2,0,0,0,3,2,1,0
"Acanthostepheia.behringiensis",0,0,0,3,0,0,2,1,0,0,0,0,3,0,0,0,3,0,0,0,3,3,0,0,0,0,0,0,2,0,2,0,0,0,3,2,2,0
"Acanthostepheia.malmgreni",0,0,0,3,0,0,3,0,0,0,0,0,3,0,0,0,3,0,0,0,3,3,0,0,0,0,0,0,0,0,3,0,0,0,3,3,0,0
"Actinaria",2,1,0,0,2,0,0,2,2,0,1,1,1,2,0,1,2,1,1,2,1,1,1,0,1,1,2,2,1,2,2,1,2,0,1,2,2,1
"Adalaria.sp.",2,0,1,0,0,0,2,1,0,0,0,0,0,3,0,0,3,0,0,3,0,3,0,0,0,0,0,0,0,3,0,0,0,3,0,3,0,0
"Admete.solida",1,0,0,0,2,0,2,2,0,0,0,0,0,0,3,0,3,0,0,3,0,3,0,0,0,0,0,0,0,3,0,0,0,3,0,3,0,0
"Admete.sp..",1,0,0,0,2,0,2,2,0,0,0,0,0,0,3,1,2,0,2,2,0,3,0,0,0,0,0,0,0,3,0,0,0,3,0,2,1,0
"Admete.viridula",1,0,0,0,2,0,2,1,0,0,0,0,0,0,3,1,2,0,3,0,0,3,0,0,0,0,0,0,0,3,0,0,0,3,0,3,0,0
"Alcyonidium.disciforme",1,0,2,0,0,0,2,2,0,0,0,3,0,0,0,0,3,0,0,3,0,3,0,0,0,0,0,3,0,0,0,1,0,0,2,0,0,3
"Alcyonidium.gelatinosum",0,0,0,0,3,0,0,2,2,1,0,3,0,0,0,0,2,1,0,3,0,0,0,0,0,1,2,3,0,0,0,1,0,0,2,0,0,3
"Allantactis.parasitica",2,0,0,0,1,0,0,2,1,0,0,0,2,1,0,3,0,0,0,3,0,0,0,0,0,3,0,2,0,1,0,0,3,0,0,2,1,0
"Amicula.vestita",0,0,3,0,0,0,0,2,1,0,3,0,0,0,0,0,3,0,0,3,0,3,0,0,0,0,0,0,0,3,0,0,0,3,0,2,1,0
"Amphipoda",2,0,1,2,0,1,2,1,0,0,2,2,2,2,0,1,2,1,0,0,3,2,0,1,1,0.5,0,0,1,1,2,0,0,0,3,2,1,0
"Amphiura.sundevalli",0,0,3,0,0,0,3,0,0,0,0,3,0,0,0,3,0,0,3,0,0,0,0,0,3,0,0,0,3,0,0,0,3,0,0,1,2,0
"Anomalisipho.martensi",1,0,0,0,2,0,0,3,0,0,0,0,2,2,0,0,3,0,0,0,3,3,0,0,0,0,0,0,0,3,0,0,0,3,0,3,0,0
"Anomalisipho.verkruezeni",1,0,0,0,2,1,1,2,0,0,0,0,2,2,0,0,2,1,0,0,3,3,0,0,0,0,0,0,0,3,0,0,0,3,0,3,0,0
"Anonyx.sp.",0,0,0,3,0,0,2,1,0,0,0,0,2,1,0,0,3,0,0,0,3,3,0,0,0,0,0,0,0,0,3,0,0,0,3,2,2,0
"Anthosactis.janmayeni",1,0,0,0,2,0,0,3,0,0,0,0,0,3,0,0,3,0,NA,NA,NA,0,0,0,0,0,3,3,0,0,0,NA,NA,NA,NA,2,1,0
"Arcteobia.anticostiensis",0,2,1,0,0,0,3,0,0,0,0,0,0,3,0,0,3,0,3,0,0,0,0,2,0,2,0,0,0,3,0,0,0,3,0,2,1,0
"Arctolembos.arcticus",0,0,0,3,0,0,2,1,0,0,3,0,0,0,0,1,2,0,0,0,3,0,0,3,0,0,0,0,2,0,2,0,0,0,3,3,0,0
"Arctonoe.vittata",0,2,1,0,0,0,3,0,0,0,3,0,0,0,0,1,2,0,3,0,0,1,0,0,0,2,0,0,0,3,0,0,3,0,0,3,0,0
"Argis.sp.",0,0,1,2,0,0,0,3,0,0,0,0,0,3,0,0,2,1,3,0,0,2,0,0,1,0,0,0,1,0,2,0,0,0,3,1,2,0
"Ariadnaria.borealis",1,0,0,0,2,0,2,1,0,0,0,3,0,0,0,0,3,0,0,0,3,3,0,0,0,0,0,0,0,3,0,0,0,3,0,3,0,0
"Arrhis.luthkei",0,0,0,3,0,0,3,0,0,0,0,3,0,0,0,0,3,0,0,0,3,3,0,0,0,0,0,0,3,0,0,0,0,0,3,2,1,0
"Arrhis.phyllonyx",0,0,0,3,0,0,3,0,0,0,2,2,2,2,0,0,3,0,0,0,3,3,0,0,0,0,0,0,3,0,0,0,0,0,3,3,0,0
"Ascidia.callosa",1,0,0,0,2,0,0,1,2,1,0,3,0,0,0,2,1,0,3,0,0,0,0,0,0,0,3,3,0,0,0,0,3,0,0,1,2,0
"Ascidiacea",2,1,2,0,2,0,0,2,1,0,0,3,0,0,0,1,2,1,1,2,1,1,0,0,0,1,2,3,0,0,0,1,2,0,2,1,2,2
"Asterias.amurensis",0,0,3,0,0,0,0,0,2,1,0,0,1,2,0,0,0,3,3,0,0,3,0,0,0,0,0,0,0,3,0,0,3,0,0,2,0,0
"Atylus.bruggeni",0,0,0,3,0,2,2,0,0,0,3,0,0,0,0,2,2,0,0,0,3,3,0,0,0,0,0,0,0,0,3,0,0,0,3,1,2,0
"Atylus.carinatus",0,0,0,3,0,0,3,0,0,0,3,0,0,0,0,2,2,0,0,0,3,3,0,0,0,0,0,0,0,0,3,0,0,0,3,2,2,0
"Atylus.smitti",0,0,0,3,0,1,2,0,0,0,3,0,0,0,0,2,2,0,0,0,3,3,0,0,0,0,0,0,0,0,3,0,0,0,3,2,2,0
"Aulacofusus.brevicauda",1,0,0,0,2,0,1,2,0,0,0,0,0,3,0,0,0,3,0,0,3,3,0,0,0,0,0,0,0,3,0,0,0,3,0,3,0,0
"Balanus.sp.",1,0,0,0,2,1,2,2,2,0,0,3,0,0,0,0,0,3,3,0,0,0,0,0,0,1,2,3,0,0,0,0,0,0,3,1,2,0
"Bathypolypus.sp..",2,0,0,0,2,0,0,1,2,0,0,0,0,3,0,0,0,3,0,0,3,3,0,0,0,0,0,0,0,3,0,0,0,0,3,3,0,0
"Beringius.stimpsoni",1,0,0,0,2,0,0,1,2,0,0,0,2,2,0,0,2,2,0,0,3,3,0,0,0,0,0,0,0,3,0,0,0,3,0,2,1,0
"Boltenia.echinata",1,0,0,0,2,0,1,2,0,0,0,3,0,0,0,0,1,2,0,3,0,0,0,0,0,1,2,3,0,0,0,0,0,0,3,1,2,0
"Boltenia.ovifera",1,0,0,0,2,0,0,1,2,0,0,3,0,0,0,0,1,2,0,3,0,0,0,0,0,1,2,3,0,0,0,0,0,0,3,1,2,0
"Boreoscala.greenlandica",1,0,0,0,2,0,0,3,0,0,0,0,0,2,1,0,1,2,3,0,0,3,0,0,0,0,0,0,0,3,0,0,0,3,0,3,0,0
"Boreotrophon.clathratus",1,0,0,0,2,0,1,2,0,0,0,0,0,3,0,0,3,0,0,0,3,3,0,0,0,0,0,0,0,3,0,0,0,3,0,3,0,0
"Boreotrophon.cymatus",1,0,0,0,2,0,2,2,0,0,0,0,0,3,0,0,3,0,0,0,3,3,0,0,0,0,0,0,0,3,0,0,0,3,0,3,0,0
"Boreotrophon.sp..",1,0,0,0,2,0,1,2,1,0,0,0,0,3,0,0,3,0,0,0,3,3,0,0,0,0,0,0,0,3,0,0,0,3,0,3,0,0
"Boreotrophon.truncatus",1,0,0,0,2,0,2,2,1,0,0,0,0,3,0,0,3,0,0,0,3,3,0,0,0,0,0,0,0,3,0,0,0,3,0,3,0,0
"Brachiopoda",0,0,0,3,0,0,1,2,0,0,0,3,0,0,0,0,2,1,2,0,2,3,0,0,0,0,0,2,1,0,0,0,2,0,2,3,0,0
"Bryozoa",1,0,1,0,2,0,1,2,2,0,0,3,0,0,0,0,2,1,0,3,0,1,0,0,0,1,2,3,0,0,0,1,0,0,2,0,0,3
"Buccinum.angulosum",2,0,0,0,1,0,0,1,2,0,0,0,2,2,0,0,0,3,0,0,3,3,0,0,0,0,0,0,0,3,0,0,0,3,0,3,0,0
"Buccinum.ciliatum",2,0,0,0,1,0,0,3,0,0,0,0,2,2,0,0,3,0,0,0,3,3,0,0,0,0,0,0,0,3,0,0,0,3,0,3,0,0
"Buccinum.glaciale",2,0,0,0,1,0,0,2,1,0,0,0,2,2,0,0,0,3,0,0,3,3,0,0,0,0,0,0,0,3,0,0,0,3,0,3,0,0
"Buccinum.plectrum",2,0,0,0,1,0,2,2,2,0,0,0,2,2,0,0,0,3,0,0,3,3,0,0,0,0,0,0,0,3,0,0,0,3,0,3,0,0
"Buccinum.polare",2,0,0,0,1,0,2,2,1,0,0,0,2,2,0,0,3,0,0,0,3,3,0,0,0,0,0,0,0,3,0,0,0,3,0,3,0,0
"Buccinum.scalariforme",2,0,0,0,1,0,2,2,1,0,2,0,2,2,0,0,0,3,0,0,3,3,0,0,0,0,0,0,1,2,0,0,0,3,0,3,0,0
"Buccinum.solenum",2,0,0,0,1,0,1,2,2,0,0,0,2,2,0,0,0,3,0,0,3,3,0,0,0,0,0,0,0,3,0,0,0,3,0,3,0,0
"Buccinum.sp..",2,0,0,0,1,0,2,2,1,0,2,0,2,2,0,0,1,2,0,0,3,3,0,0,0,0,0,0,1,2,0,0,0,3,0,3,0,0
"Buccinum.tenellum",2,0,0,0,1,0,0,3,0,0,0,0,2,2,0,0,0,3,0,0,3,3,0,0,0,0,0,0,0,3,0,0,0,3,0,3,0,0
"Bylgides.promamme",0,2,1,0,0,0,2,1,0,0,0,0,0,3,0,1,2,0,3,0,0,0,0,0,2,2,0,0,0,2,1,0,3,0,0,1,2,0
"Bylgides.sarsii",0,3,0,0,0,0,3,0,0,0,0,0,0,3,0,1,2,0,3,0,0,0,0,0,2,2,0,0,0,2,1,0,3,0,0,1,2,0
"Bylgides.sp.",0,2,1,0,0,0,2,1,0,0,0,0,0,3,0,0,3,0,3,0,0,0,0,0,2,2,0,0,0,3,0,0,3,0,0,1,2,0
"Calliopiidae",0,0,0,3,0,0,3,0,0,0,0,1,1,1,0,0,3,0,3,0,0,3,0,0,0,0,0,0,0,0,3,0,0,0,3,2,1,0
"Calycidoris.guentheri",1,0,2,0,0,0,2,2,0,0,0,0,0,3,0,0,3,0,3,0,0,3,0,0,0,0,0,0,0,0,3,0,0,3,0,3,0,0
"Caprella",0,0,0,3,0,0,3,0,0,0,0,3,0,0,0,3,0,0,0,0,3,2,0,0,0,2,0,0,0,3,0,0,0,0,3,1,2,0
"Ceradocus.torelli",0,0,0,3,0,0,0,3,0,0,0,NA,NA,NA,NA,NA,NA,NA,0,0,3,3,0,0,0,0,0,0,0,0,3,0,0,0,3,3,0,0
"Cerianthus.lloydi",2,0,0,0,1,0,0,3,0,0,0,0,0,3,0,0,3,0,3,0,0,0,0,3,0,0,0,0,3,0,0,0,3,0,0,1,2,0
"Chelyosoma.macleayanum",0,0,2,0,1,0,1,2,0,0,0,3,0,0,0,0,0,3,0,3,0,0,0,0,0,1,2,3,0,0,0,0,3,0,0,2,2,0
"Chionoecetes.opilio",0,0,2,0,1,0,0,1,2,0,0,0,1,2,0,0,0,3,3,0,0,3,0,0,0,0,0,0,0,3,0,0,0,0,3,1,2,0
"Chlamys.behringiana",0,0,0,3,0,0,0,0,3,0,0,3,0,0,0,0,0,3,3,0,0,3,0,0,0,0,0,0,0,0,3,0,3,0,0,1,2,0
"Clinocardium.ciliatum",2,0,2,0,0,0,2,1,0,0,0,3,0,0,0,0,0,3,3,0,0,3,0,0,0,0,0,0,3,0,0,0,3,0,0,3,0,0
"Colus.sabini",2,0,0,0,1,0,0,2,2,0,0,0,3,0,0,0,1,2,0,0,3,3,0,0,0,0,0,0,3,0,0,0,0,3,0,2,1,0
"Colus.sp..",2,0,0,0,1,0,0,2,2,0,0,0,3,0,0,0,1,2,0,0,3,3,0,0,0,0,0,0,3,0,0,0,0,3,0,2,1,0
"Corella.willmeriana",1,0,0,0,2,0,0,3,0,0,0,3,0,0,0,0,2,2,0,3,0,0,0,0,0,0,3,3,0,0,0,0,0,0,3,2,1,0
"Coryphella.sp..",1,0,2,0,0,0,3,0,0,0,0,0,0,3,0,0,3,0,3,0,0,3,0,0,0,0,0,0,0,3,0,0,0,3,0,3,0,0
"Crangon.dalli",0,0,3,0,0,0,2,1,0,0,1,0,0,2,0,0,0,3,3,0,0,3,0,0,0,0,0,0,1,0,2,0,0,0,3,3,0,0
"Crepidula.sp..",1,0,2,0,0,0,3,0,0,0,0,3,0,0,0,0,3,0,1,0,2,1,0,0,0,0,2,0,0,3,0,0,2,2,0,1,2,0
"Crossaster.papposus",0,0,3,0,0,0,0,1,2,0,0,0,2,4,0,0,0,3,0,3,0,3,0,0,0,0,0,0,0,6,0,0,3,0,0,3,0,0
"Cryptonatica.affinis",6,0,0,0,0,0,0,4,2,0,0,0,0,6,0,0,6,0,6,0,0,6,0,0,0,0,0,0,0,6,0,0,0,6,0,2,4,0
"Ctenodiscus.crispatus",0,0,3,0,0,0,0,2,1,0,3,0,0,0,0,0,0,3,0,3,0,1,0,0,2,0,0,0,2,1,0,0,3,0,0,2,1,0
"Curtitoma.decussata",2,0,0,0,4,0,5,1,0,0,3,0,0,3,0,2,4,0,6,0,0,3,3,0,3,0,0,0,0,3,0,0,0,6,0,4,2,0
"Curtitoma.incisula",1,0,0,0,2,0,2,2,0,0,0,0,0,3,0,0,2,1,3,0,0,3,0,0,0,0,0,0,0,3,0,0,0,3,0,2,1,0
"Curtitoma.novajasemljensis",1,0,0,0,2,0,2,1,0,0,0,0,0,3,0,1,2,1,3,0,0,3,0,0,0,0,0,0,0,3,0,0,0,3,0,2,1,0
"Curtitoma.sp..",2,0,0,0,4,0,4,2,0,0,0,0,0,6,0,2,4,2,6,0,0,6,0,0,0,0,0,0,0,6,0,0,0,6,0,4,2,0
"Curtitoma.violacea",1,0,0,0,2,0,2,1,0,0,0,0,0,3,0,1,2,0,3,0,0,3,0,0,0,0,0,0,0,3,0,0,0,3,0,2,1,0
"Cylichna.alba",2,0,0,0,1,0,2,1,0,0,2,0,0,2,0,0,1,2,3,0,0,3,0,0,0,0,0,0,1,2,0,0,0,3,0,1,2,0
"Cylinchnoides.occultus",2,0,0,0,2,0,2,1,0,0,2,0,0,2,0,0,3,0,3,0,0,3,0,0,0,0,0,0,0,3,0,0,0,3,0,2,2,0
"Dendrobeania.sp..",0,0,0,0,3,0,2,2,3,0,0,3,0,0,0,0,3,0,0,3,0,0,0,0,0,1,2,3,0,0,0,1,0,0,2,0,0,3
"Dendrodoa.sp..",1,0,0,0,2,0,2,2,0,0,0,3,0,0,0,NA,NA,NA,NA,NA,NA,0,0,0,0,0,3,3,0,0,0,0,0,0,3,3,0,0
"Dendronotus.sp.",2,4,0,0,0,0,2,4,0,0,0,0,0,6,0,0,6,0,6,0,0,6,0,0,0,0,0,0,0,6,0,0,0,6,0,6,0,0
"Diaphana.hiemalis",2,0,0,0,1,0,3,0,0,0,0,NA,NA,NA,NA,2,1,0,NA,NA,NA,NA,NA,NA,NA,NA,NA,NA,NA,NA,NA,NA,NA,NA,NA,NA,NA,NA
"Diastylis.alaskensis",0,0,0,6,0,0,4,2,0,0,3,0,0,0,0,0,6,0,0,0,6,6,0,0,0,0,0,0,0,2,4,0,0,0,6,4,4,0
"Diastylis.goodsiri.scorpioides",0,0,0,3,0,0,3,0,0,0,2,2,2,1,0,0,3,0,0,0,3,3,0,0,0,0,0,0,0,0,3,0,0,0,3,1,2,0
"Diastylis.sp.",0,0,0,6,0,0,4,2,0,0,3,0,0,0,0,0,6,0,0,0,6,6,0,0,0,0,0,0,0,2,4,0,0,0,6,4,4,0
"Diastylis.spinulosa",0,0,0,3,0,0,3,0,0,0,3,0,0,0,0,0,3,0,0,0,3,3,0,0,0,0,0,0,0,1,2,0,0,0,3,2,2,0
"Didemnum.albidum",0,0,6,0,0,0,3,3,0,0,0,6,0,0,0,2,4,0,0,6,0,0,0,0,0,2,4,6,0,0,0,2,0,0,4,0,0,6
"Distaplia.alaskensis",0,0,3,0,0,0,2,1,0,0,0,3,0,0,0,1,2,0,0,3,0,0,0,0,0,0,3,3,0,0,0,1,0,0,2,0,0,3
"Distaplia.occidentalis",3,0,0,0,0,0,0,2,2,0,0,3,0,0,0,0,3,0,0,3,0,0,0,0,0,0,3,3,0,0,0,1,0,0,2,0,0,3
"Dulichia.spinosissima",0,0,0,3,0,0,0,3,0,0,3,0,0,0,0,3,0,0,0,0,3,0,0,2,0,1,0,0,0,2,1,0,0,0,3,3,0,0
"Echinarachnius.parma",1,0,3,0,0,0,0,2,1,0,2,2,0,0,0,0,2,1,0,0,2,2,0,0,2,0,0,0,3,0,0,0,3,0,0,1,2,0
"Edwardsia.sp..",0,3,0,0,0,0,0,3,0,0,3,0,0,0,0,1,2,0,1,2,0,0,2,0,1,0,0,1,2,0,0,1,2,0,0,1,2,0
"Ericthonius.sp.",0,0,0,3,0,2,2,0,0,0,0,3,0,0,0,0,3,0,0,0,3,0,0,3,0,0,0,0,0,1,2,0,0,0,3,3,0,0
"Eteone.spetsbergensis",0,3,0,0,0,0,3,0,0,0,1,0,0,2,0,1,2,0,0,3,0,1,0,0,2,0,0,0,3,0,0,0,0,0,3,3,0,0
"Eualus.sp..",0,0,0,3,0,0,2,2,0,0,0,0,0,3,0,0,2,1,3,0,0,3,0,0,0,0,0,0,0,0,3,0,0,0,3,2,2,0
"Eucratea.loricata",0,0,0,0,6,0,1,5,0,0,0,6,0,0,0,0,6,0,0,6,0,0,0,0,0,2,4,6,0,0,0,2,0,0,4,0,0,6
"Eudistoma.parvum",NA,NA,NA,NA,NA,0,0,2,2,1,0,3,0,0,0,1,2,0,0,3,0,0,0,0,0,1,2,3,0,0,0,1,0,0,2,0,0,3
"Eugyra.sp..",3,0,0,0,0,0,3,0,0,0,0,3,0,0,0,1,2,0,0,0,3,3,0,0,0,0,0,3,0,0,0,0,0,0,3,3,0,0
"Eunicidae",0,2,1,0,0,0,1,2,0,0,1,0,1,1,0,0,3,0,2,1,0,1,0,1,1,0,0,0,3,0,0,0,2,1,0,2,1,0
"Eunoe.depressa",0,4,2,0,0,0,2,4,0,0,0,0,0,6,0,0,6,0,6,0,0,2,0,0,0,4,0,0,0,6,0,0,0,0,6,6,0,0
"Eunoe.nodosa",0,4,2,0,0,0,0,6,0,0,0,0,0,6,0,2,4,0,6,0,0,4,0,0,0,2,0,0,6,0,0,0,0,0,6,6,0,0
"Eunoe.oerstedi",0,4,2,0,0,0,2,4,0,0,0,0,0,6,0,2,4,0,6,0,0,6,0,0,0,0,0,NA,NA,NA,NA,0,0,0,6,6,0,0
"Eunoe.sp.",0,4,2,0,0,0,2,4,0,0,0,0,0,6,0,2,4,0,6,0,0,4,0,0,0,2,0,0,2,2,0,0,0,0,6,6,0,0
"Euphrosinidae",NA,NA,NA,NA,NA,0,3,0,0,0,0,0,0,3,0,NA,NA,NA,3,0,0,3,0,0,0,0,0,NA,NA,NA,NA,0,3,0,0,NA,NA,NA
"Eupyrgus.scaber",2,1,0,0,0,0,2,2,0,0,3,0,0,0,0,0,1,2,3,0,0,3,0,0,0,0,0,NA,NA,NA,NA,0,3,0,0,3,0,0
"Eusirus.cuspidatus",0,0,0,6,0,0,2,4,0,0,0,0,0,6,0,0,4,2,0,0,6,6,0,0,0,0,0,0,2,0,4,0,0,0,6,6,0,0
"Euspira.pallida",4,0,0,0,2,0,2,4,2,0,0,0,0,6,0,0,4,2,0,2,4,6,0,0,0,0,0,0,0,6,0,0,0,6,0,4,2,0
"Evasterias.echinosoma",0,0,3,0,0,0,0,0,0,3,0,0,0,3,0,0,0,3,3,0,0,3,0,0,0,0,0,0,0,3,0,0,3,0,0,2,1,0
"Flabelligera.mastigophora",0,3,0,0,0,0,0,3,0,0,3,0,0,0,0,2,1,0,0,0,3,2,2,0,0,0,0,0,3,0,0,0,0,0,3,3,0,0
"Flabellina.sp..",1,0,2,0,0,0,2,1,0,0,0,0,0,3,0,0,3,0,3,0,0,3,0,0,0,0,0,0,0,3,0,0,0,3,0,3,0,0
"Florometra",0,0,0,0,3,0,0,1,2,0,0,3,0,0,0,0,2,1,0,2,0,3,0,0,0,0,0,0,0,2,1,0,3,0,0,0,3,0
"Gammaridae",0,0,0,3,0,1,2,1,0,0,2,1,0,0,0,0,2,1,0,0,3,0,0,3,0,0,0,0,0,3,0,0,0,0,3,2,1,0
"Gastropoda",2,0,0,0,1,0,2,2,1,1,2,0,2,2,0,0,1,2,0,0,3,3,0,0,0,0,0,0,1,2,0,0,0,3,0,3,0,0
"Gattyana.amondseni",0,4,2,0,0,2,4,0,0,0,0,0,0,6,0,2,4,0,6,0,0,2,0,0,4,0,0,0,6,0,0,0,6,0,0,6,0,0
"Gattyana.ciliata",0,4,2,0,0,0,0,4,2,0,0,0,0,6,0,2,4,0,6,0,0,6,0,0,0,0,0,0,4,4,0,0,6,0,0,6,0,0
"Gattyana.cirrhosa",0,4,2,0,0,0,0,4,2,0,0,0,0,6,0,2,4,0,6,0,0,2,0,0,4,2,0,0,4,2,0,0,6,0,0,4,2,0
"Gattyana.sp.",0,4,2,0,0,0,0,4,2,0,0,0,0,6,0,2,4,0,6,0,0,4,0,0,4,2,0,0,4,2,0,0,6,0,0,4,2,0
"Gaudichaudius.iphionelloides",0,2,1,0,0,0,3,0,0,0,0,NA,NA,NA,NA,NA,NA,NA,NA,NA,NA,NA,NA,NA,NA,NA,NA,NA,NA,NA,NA,NA,NA,NA,NA,NA,NA,NA
"Gersemia.rubiformis",2,0,0,0,4,0,4,4,0,0,0,6,0,0,0,0,6,0,0,6,0,0,0,0,0,0,6,6,0,0,0,0,0,0,6,0,0,6
"Gorgonocephalus.sp.",0,0,4,0,4,0,0,0,4,2,0,4,4,4,0,0,0,6,0,6,0,6,0,0,0,0,0,0,0,6,0,0,0,6,0,4,2,0
"Granotoma.albrechti",2,0,0,0,4,0,4,4,0,0,0,0,0,6,0,0,6,0,6,0,0,6,0,0,0,0,0,0,4,4,0,0,0,6,0,6,0,0
"Halichondria.sp.",2,0,2,0,2,0,4,4,4,4,0,6,0,0,0,0,6,0,0,6,0,0,0,0,0,4,2,6,0,0,0,2,0,0,4,0,0,6
"Haliclona.sp.",0,0,4,0,2,0,0,0,4,4,0,6,0,0,0,4,2,0,0,6,0,0,0,0,0,0,6,6,0,0,0,2,0,0,4,0,0,6
"Halirages.nilssoni",0,0,0,6,0,0,6,0,0,0,0,6,0,0,0,0,4,2,0,0,6,6,0,0,0,0,0,0,0,0,6,0,0,0,6,6,0,0
"Haliclystus.",0,0,0,0,3,0,2,2,0,0,0,3,0,0,0,0,2,1,0,2,0,3,0,0,0,0,0,0,0,2,1,0,3,0,0,0,3,0
"Halocynthia.aurantium",4,0,0,0,4,0,0,0,4,4,0,6,0,0,0,0,2,4,6,0,0,0,0,0,0,0,6,6,0,0,0,0,6,0,0,4,2,0
"Harmothoe.extenuata",0,4,2,0,0,0,6,0,0,0,0,0,0,6,0,2,4,0,6,0,0,2,0,0,4,2,0,0,6,0,0,0,0,0,6,4,2,0
"Harmothoe.imbricata",0,4,2,0,0,0,6,0,0,0,2,0,0,6,0,2,4,0,2,0,4,4,0,0,0,2,0,0,4,4,4,0,2,0,4,4,2,0
"Harmothoe.sp.",0,4,2,0,0,0,6,0,0,0,2,0,0,4,0,2,4,0,4,0,2,4,0,0,2,2,0,0,4,2,2,0,2,0,4,4,2,0
"Henricia.sanguinolenta",0,0,3,0,0,0,0,3,0,0,0,0,0,3,0,0,0,3,0,3,0,3,0,0,0,0,0,0,0,3,0,0,1,0,2,2,1,0
"Henricia.sp.",0,0,3,0,0,0,2,2,1,0,0,0,0,3,0,0,2,2,0,3,0,3,0,0,0,0,0,0,0,3,0,0,1,0,2,3,0,0
"Henricia.tumida",0,0,3,0,0,0,1,2,0,0,0,0,0,3,0,0,2,2,0,3,0,3,0,0,0,0,0,0,0,3,0,0,1,0,2,3,0,0
"Heteropora.sp.",0,0,0,0,6,0,2,2,4,4,0,6,0,0,0,0,4,2,0,6,0,0,0,0,0,0,6,6,0,0,0,2,0,0,4,0,0,6
"Hexactinellida",0,0,0,0,3,0,2,2,0,0,0,3,0,0,0,1,1,1,0,3,0,0,0,0,0,0,3,3,0,0,0,1,0,0,2,2,1,0
"Hiatella.arctica",0,0,0,6,0,0,6,0,0,0,0,6,0,0,0,2,4,0,6,0,0,0,0,0,0,4,4,6,0,0,0,0,6,0,0,4,2,0
"Hippomedon.rylovi",0,0,0,3,0,0,3,0,0,0,0,0,2,1,0,1,2,0,0,0,3,3,0,0,0,0,0,0,0,2,2,0,0,0,3,2,1,0
"Hippomedon.sp.",0,0,0,6,0,0,6,0,0,0,0,0,4,2,0,2,4,0,0,0,6,6,0,0,0,0,0,0,0,4,4,0,0,0,6,4,2,0
"Holothuroidea",2,2,0,0,0,0,2,2,0,0,2,2,0,0,0,1,1,2,1,2,0,2,0,0,1,0,0,0,1,2,0,0,2,0,1,2,2,0
"Hormathia.nodosa",1,0,0,0,2,0,0,0,3,0,0,NA,NA,NA,NA,0,1,2,0,1,2,0,0,0,0,0,3,2,0,1,0,0,0,0,3,2,2,0
"Hyas.coarctatus",0,0,4,0,4,0,0,2,4,0,0,0,4,4,0,0,0,6,6,0,0,6,0,0,0,0,0,0,0,6,0,0,0,0,6,4,2,0
"Hydrozoa",0,0,0,0,6,2,2,4,2,0,0,2,0,4,0,2,4,0,0,4,2,0,0,0,0,2,4,6,0,0,0,4,2,0,4,2,2,4
"Ischyrocerus.latipes",0,0,0,6,0,0,4,2,0,0,0,6,0,0,0,0,6,0,0,0,6,2,0,4,0,0,0,0,0,0,6,0,0,0,6,4,4,0
"Ischyrocerus.sp..",0,0,0,3,0,0,3,0,0,0,0,3,0,0,0,0,3,0,0,0,3,1,0,2,0,0,0,0,0,0,3,0,0,0,3,2,2,0
"Isopoda",0,0,3,0,0,0,3,0,0,0,0,0,1,2,0,0,0,3,0,0,3,3,0,0,0,0,0,0,2,0,1,0,0,0,3,2,1,0
"Labidochirus.splendescens",0,0,6,0,2,0,0,6,0,0,2,0,4,4,0,0,0,6,0,0,6,6,0,0,0,0,0,0,0,6,0,0,0,0,6,4,2,0
"Lacuna.crassior",4,0,0,0,2,0,4,2,0,0,6,0,0,0,0,2,4,0,NA,NA,NA,6,0,0,0,0,0,0,0,6,0,0,0,6,0,6,0,0
"Lafoeina.maxima",0,0,0,0,6,0,0,6,0,0,0,6,0,0,0,4,2,0,NA,NA,NA,0,0,0,0,2,4,6,0,0,0,2,0,0,4,0,0,6
"Latisipho.hypolispus",1,0,0,0,2,0,0,2,1,0,0,0,2,2,0,1,2,1,0,0,3,3,0,0,0,0,0,0,0,3,0,0,0,3,0,3,0,0
"Lebbeus.groenlandicus",0,0,0,6,0,0,0,6,0,0,0,0,0,6,0,0,2,4,4,0,2,6,0,0,0,0,0,0,0,4,4,0,0,0,6,6,0,0
"Lebbeus.polaris",0,0,0,6,0,0,2,4,0,0,0,0,2,4,0,0,2,4,6,0,0,6,0,0,0,0,0,0,0,0,6,0,0,0,6,4,2,0
"Lepeta.caeca",2,0,2,0,0,0,2,1,0,0,3,0,0,0,0,0,2,1,3,0,0,3,0,0,0,0,0,0,0,3,0,0,3,0,0,2,1,0
"Lepeta.sp.",2,0,2,0,0,0,0,3,0,0,3,0,0,0,0,0,2,1,3,0,0,3,0,0,0,0,0,0,0,3,0,0,3,0,0,2,1,0
"Leptasterias.arctica",0,0,6,0,0,0,0,2,4,0,0,0,0,6,0,0,0,6,0,6,0,6,0,0,0,0,0,0,0,6,0,0,0,0,6,6,0,0
"Leptasterias.groenlandica",0,0,6,0,0,0,0,4,2,0,0,0,2,4,0,0,0,6,0,6,0,6,0,0,0,0,0,0,0,6,0,0,0,0,6,6,0,0
"Leptasterias.polaris",0,0,6,0,0,0,0,0,4,2,0,0,0,6,0,0,0,6,0,6,0,6,0,0,0,0,0,0,2,4,0,0,2,0,4,4,2,0
"Leptasterias.sp..",0,0,3,0,0,0,0,1,2,1,0,0,0,3,0,0,0,3,0,3,0,3,0,0,0,0,0,0,1,2,0,0,0,0,3,2,1,0
"Lethasterias.nanimensis",0,0,3,0,0,0,0,2,2,2,0,0,1,2,0,0,2,1,NA,NA,NA,3,0,0,0,0,0,0,1,2,0,NA,NA,NA,NA,2,1,0
"Limneria.undata",4,0,0,0,2,0,4,4,0,0,0,0,0,6,0,0,6,0,0,0,6,3,0,0,0,0,0,0,0,6,0,0,0,6,0,3,0,0
"Lumbrineridae",0,6,0,0,0,0,4,2,0,0,4,0,4,4,0,4,2,0,0,0,6,6,0,0,0,0,0,0,6,0,0,0,0,6,0,6,0,0
"Maera.danae",0,0,0,3,0,0,3,0,0,0,3,0,0,0,0,2,2,0,0,0,3,0,0,3,0,0,0,0,2,0,2,0,0,0,3,3,0,0
"Maera.prionochira",0,0,0,3,0,1,2,0,0,0,3,0,0,0,0,2,2,0,0,0,3,0,0,3,0,0,0,0,2,0,2,0,0,0,3,3,0,0
"Margarites.costalis",2,0,0,0,4,0,2,4,0,0,4,0,0,2,0,0,6,0,0,0,6,6,0,0,0,0,0,0,0,6,0,0,0,6,0,2,4,0
"Margarites.groenlandicus",1,0,0,0,2,0,2,1,0,0,3,0,0,0,0,1,2,0,0,0,3,3,0,0,0,0,0,0,0,3,0,0,0,3,0,NA,NA,NA
"Margarites.helicinus",2,0,0,0,4,0,4,2,0,0,4,0,0,2,0,0,6,0,0,0,6,4,0,0,0,2,0,0,0,6,0,0,0,6,0,2,4,0
"Margarites.sp.",1,0,0,0,2,0,2,1,0,0,2,0,0,1,0,0,3,0,0,0,3,2,0,0,0,1,0,0,0,3,0,0,0,3,0,1,2,0
"Melaenis.loveni",0,4,2,0,0,0,2,4,0,0,0,0,4,4,0,2,4,0,0,0,6,6,0,0,0,0,0,0,0,6,0,0,0,0,6,6,0,0
"Melita.dentata",0,0,0,6,0,0,4,2,0,0,5,2,0,0,0,0,5,1,0,0,6,3,0,0,0,0,0,0,4,0,3,0,0,0,6,5,1,0
"Melita.sp..",0,0,0,3,0,0,2,1,0,0,2,2,0,0,0,0,3,0,0,0,3,3,0,0,0,0,0,0,2,0,1,0,0,0,3,3,0,0
"Melphidippa.sp.",0,0,0,3,0,0,3,0,0,0,0,3,0,0,0,3,0,0,0,0,3,3,0,0,0,0,0,0,0,0,3,0,0,0,3,3,0,0
"Metopa.spitzbergensis",0,0,0,3,0,0,3,0,0,0,1,1,0,2,0,0,3,0,0,0,3,3,0,0,0,0,0,0,0,1,2,0,0,0,3,3,0,0
"Metridium.sp..",1,0,0,0,2,0,0,0,2,2,0,0,0,3,0,0,2,1,3,0,0,0,0,0,0,0,3,2,0,1,0,1,2,0,0,1,2,2
"Mohnia.sp..",0,0,1,2,0,0,3,0,0,0,4,0,0,0,0,3,0,0,1,2,3,0,0,1,2,0,1,0,0,1,2,0,0,1,0,NA,NA,NA
"Molgula.griffithsii",2,0,0,0,1,0,2,1,0,0,0,3,0,0,0,0,3,0,0,0,3,0,0,0,0,0,3,3,0,0,0,0,3,0,0,2,1,0
"Molgula.retortiformis.",2,0,0,0,1,0,0,1,2,0,0,3,0,0,0,0,3,0,0,0,3,0,0,0,0,0,3,3,0,0,0,0,3,0,0,2,1,0
"Molgula.sp..",2,0,0,0,1,0,2,1,0,0,0,3,0,0,0,0,2,2,0,3,0,0,0,0,0,0,3,3,0,0,0,0,3,0,0,3,0,0
"Monoculodes.diamesus",0,0,0,6,0,0,6,0,0,0,0,0,0,6,0,NA,NA,NA,0,0,6,4,0,0,4,0,0,0,4,0,2,0,0,0,6,6,0,0
"Munnopsidae",0,0,3,0,0,0,2,1,0,0,3,0,0,0,0,0,1,2,0,0,3,3,0,0,0,0,0,0,1,1,1,0,0,0,3,NA,NA,NA
"Munnopsis.typica",0,0,3,0,0,0,3,0,0,0,0,3,0,0,0,0,2,1,0,0,3,3,0,0,0,0,0,0,0,3,0,0,0,0,3,3,0,0
"Musculus.glacialis",0,0,0,6,0,0,2,4,0,0,0,6,0,0,0,0,6,0,0,0,6,0,0,0,0,2,4,6,0,0,0,0,0,4,2,0,6,0
"Musculus.niger",0,0,0,3,0,0,3,0,0,0,0,3,0,0,0,0,3,0,0,0,3,1,0,0,0,0,2,2,1,0,0,0,0,0,3,0,3,0
"Musculus.sp..",0,0,0,3,0,0,2,2,0,0,0,3,0,0,0,0,3,0,0,0,3,1,0,0,0,1,2,2,1,0,0,0,0,1,2,0,3,0
"Myriotrochus.rinkii",2,4,0,0,0,0,4,4,0,0,6,0,0,0,0,6,0,0,6,0,0,6,0,0,0,0,0,0,0,6,0,0,6,0,0,2,4,0
"Naticidae",2,0,0,0,1,0,1,2,1,0,0,0,0,3,0,0,2,1,2,1,1,3,0,0,0,0,0,0,0,3,0,0,0,3,0,2,1,0
"Nemertea",0,4,0,2,0,0,2,4,0,0,0,0,2,4,0,2,4,0,4,4,4,4,4,0,0,4,0,0,2,4,0,2,4,0,4,6,0,0
"Nemidia.microlepida",0,2,1,0,0,0,3,0,0,0,0,NA,NA,NA,NA,1,2,0,NA,NA,NA,NA,NA,NA,NA,NA,NA,NA,NA,NA,NA,NA,NA,NA,NA,3,0,0
"Neocrangon.communis",0,0,2,1,0,0,1,2,0,0,0,0,0,3,0,0,0,3,0,0,3,2,0,0,1,0,0,0,0,0,3,0,0,0,3,3,0,0
"Neohela.monstrosa",0,0,1,2,0,0,3,0,0,0,2,1,0,0,0,0,3,0,0,0,3,0,0,0,3,0,0,0,2,0,1,0,0,0,3,1,2,0
"Neoiphinoe.coronata",1,0,0,0,2,0,1,2,0,0,0,2,0,0,1,0,3,0,2,1,0,3,0,0,0,0,0,0,0,3,0,0,0,3,0,3,0,0
"Neoiphinoe.kroyeri",2,0,0,0,4,0,4,4,0,0,0,0,4,0,4,0,6,0,4,2,0,6,0,0,0,0,0,0,0,6,0,0,0,6,0,6,0,0
"Neopleustes.pulchellus.var..euacanthus",NA,NA,NA,NA,NA,0,2,1,0,0,0,NA,NA,NA,NA,NA,NA,NA,NA,NA,NA,NA,NA,NA,NA,NA,NA,NA,NA,NA,NA,NA,NA,NA,NA,NA,NA,NA
"Nephtys.longosetosa",0,6,0,0,0,0,3,2,1,0,0,0,0,6,0,0,6,0,6,0,0,2,0,0,4,0,0,0,6,0,0,0,6,0,0,6,0,0
"Nepthys.ciliata",0,3,0,0,0,0,3,0,0,0,0,0,0,3,0,0,3,0,3,0,0,1,0,0,2,0,0,0,3,0,0,0,3,0,0,3,0,0
"Nepthys.sp.",0,3,0,0,0,0,1,2,1,0,0,0,0,3,0,0,3,0,3,0,0,1,0,0,2,0,0,0,3,0,0,0,3,0,0,3,0,0
"Neptunea.communis",2,0,0,0,4,0,0,4,4,0,0,0,0,6,0,0,0,6,0,0,6,6,0,0,0,0,0,0,0,6,0,0,0,6,0,4,2,0
"Neptunea.heros",2,0,0,0,4,0,0,0,4,4,0,0,0,6,0,0,0,6,0,0,6,6,0,0,0,0,0,0,0,6,0,0,0,6,0,3,3,0
"Neptunea.sp.",2,0,0,0,4,0,0,2,4,2,0,0,0,6,0,0,0,6,0,0,6,6,0,0,0,0,0,0,0,6,0,0,0,6,0,4,4,0
"Nereis.sp.",0,3,0,0,0,0,0,3,0,0,2,0,2,2,0,0,3,0,0,3,0,1,0,0,2,0,0,0,2,2,0,0,3,0,0,3,0,0
"Nodulotrophon.coronatus",2,0,0,0,4,0,0,6,0,0,0,0,0,6,0,0,6,0,0,0,6,6,0,0,0,0,0,0,0,6,0,0,0,6,0,6,0,0
"Nothria.conchylega",0,3,0,0,0,0,2,1,0,0,1,0,1,1,0,1,2,0,NA,NA,NA,1,0,2,0,0,0,0,0,3,0,0,0,0,3,1,2,0
"Obesotoma.japonica",2,0,0,0,1,0,1,2,0,0,0,0,0,3,0,0,3,0,NA,NA,NA,3,0,0,0,0,0,0,0,3,0,0,0,3,0,3,0,0
"Obesotoma.sp..",4,0,0,0,2,0,4,4,0,0,0,0,0,6,0,0,6,0,NA,NA,NA,6,0,0,0,0,0,0,0,6,0,0,0,6,0,6,0,0
"Obesotoma.tenuilirata",2,0,0,0,1,0,2,2,0,0,0,0,0,3,0,0,3,0,NA,NA,NA,3,0,0,0,0,0,0,0,3,0,0,0,3,0,3,0,0
"Ocnus.glacialis",2,4,0,0,0,0,0,4,2,0,4,4,0,0,0,0,6,0,0,6,0,6,0,0,0,0,0,0,0,6,0,0,0,0,6,2,4,0
"Oenopota.bicarinata",2,0,0,0,1,0,3,0,0,0,0,0,0,3,0,0,2,1,3,0,0,3,0,0,0,0,0,0,2,1,0,0,0,3,0,3,0,0
"Oenopota.declivis.",2,0,0,0,1,0,3,0,0,0,0,0,0,3,0,1,2,0,3,0,0,3,0,0,0,0,0,0,2,1,0,0,0,3,0,3,0,0
"Oenopota.elegans",1,0,0,0,2,0,3,0,0,0,0,0,0,3,0,0,2,1,3,0,0,3,0,0,0,0,0,0,2,1,0,0,0,3,0,3,0,0
"Oenopota.harpa",4,0,0,0,2,0,4,2,0,0,0,0,0,6,0,0,4,2,6,0,0,6,0,0,0,0,0,0,4,2,0,0,0,6,0,6,0,0
"Oenopota.impressa",4,0,0,0,2,0,4,2,0,0,0,0,0,6,0,0,4,2,6,0,0,6,0,0,0,0,0,0,4,2,0,0,0,6,0,6,0,0
"Oenopota.pyramidalis",2,0,0,0,1,0,2,2,0,0,0,0,0,3,0,0,2,2,3,0,0,3,0,0,0,0,0,0,2,1,0,0,0,3,0,3,0,0
"Oenopota.sp..",4,0,0,0,2,0,4,2,0,0,0,0,0,6,0,2,4,2,6,0,0,6,0,0,0,0,0,0,4,2,0,0,0,6,0,6,0,0
"Onchidiopsis.sp.",6,0,0,0,0,0,0,1,3,2,0,0,0,6,0,2,4,0,6,0,0,4,0,0,0,2,0,0,0,6,0,0,6,0,0,4,2,0
"Ophiacantha.bidentata",0,0,3,0,0,0,1,2,0,0,2,2,0,0,0,1,2,0,0,3,0,2,0,0,0,1,0,0,0,3,0,0,3,0,0,1,2,0
"Ophiocten.sericeum",0,0,6,0,0,0,6,0,0,0,4,0,4,2,0,2,4,0,6,0,0,6,0,0,0,0,0,0,0,6,0,0,6,0,0,2,4,0
"Ophiopholis.aculeata",0,0,6,0,0,0,2,4,0,0,4,4,0,2,0,2,4,0,6,0,0,4,4,0,0,0,0,0,0,6,0,0,6,0,0,4,2,0
"Ophiopleura.borealis",0,0,3,0,0,0,2,2,0,0,3,2,0,0,0,1,2,0,3,0,0,3,0,0,0,0,0,0,0,3,0,NA,NA,NA,NA,1,2,0
"Ophiura.robusta",0,0,6,0,0,0,4,4,0,0,2,2,4,2,0,2,4,0,6,0,0,6,0,0,0,0,0,0,0,6,0,0,6,0,0,2,4,0
"Ophiura.sarsii",0,0,6,0,0,0,0,4,2,0,2,0,2,4,0,2,4,0,6,0,0,6,0,0,0,0,0,0,0,4,2,0,6,0,0,4,4,0
"Ophiuroidea",0,0,6,0,0,2,2,4,2,0,4,2,4,4,0,2,4,0,6,0,0,6,0,0,0,0,0,0,0,4,2,0,6,0,0,4,4,0
"Opisthobranchia",4,2,2,0,2,0,4,2,0,0,2,0,0,4,0,0,4,2,4,2,0,6,0,0,0,0,0,0,2,4,2,0,0,4,2,4,2,0
"Orchomene.pinguis",0,0,0,3,0,3,0,0,0,0,0,0,2,1,0,0,3,0,0,0,3,3,0,0,0,0,0,0,0,1,2,0,0,0,3,1,2,0
"Orchomene.sp..",0,0,0,3,0,0,3,0,0,0,0,0,2,1,0,0,3,0,0,0,3,3,0,0,0,0,0,0,0,1,2,0,0,0,3,1,2,0
"Orchomenella.minuta",0,0,0,3,0,0,3,0,0,0,1,0,2,0,0,0,3,0,0,0,3,3,0,0,0,0,0,0,2,0,1,0,0,0,3,3,0,0
"Pagurus.capillatus",0,0,4,0,4,0,0,4,2,0,4,0,4,0,0,0,2,4,6,0,0,6,0,0,0,0,0,0,0,6,0,0,0,0,6,4,2,0
"Pagurus.rathbuni",0,0,2,0,2,0,0,1,2,0,2,0,2,0,0,0,1,2,3,0,0,3,0,0,0,0,0,0,0,3,0,0,0,0,3,3,1,0
"Pagurus.sp.",0,0,4,0,4,0,0,4,2,0,4,0,4,0,0,0,2,4,6,0,0,6,0,0,0,0,0,0,0,6,0,0,0,0,6,4,2,0
"Pagurus.trigonocheirus",0,0,4,0,4,0,0,4,2,0,4,0,4,0,0,0,2,4,6,0,0,6,0,0,0,0,0,0,0,6,0,0,0,0,6,4,2,0
"Pandalina.sp..",0,0,0,3,0,0,2,2,0,0,0,0,1,2,0,0,1,2,3,0,0,3,0,0,0,0,0,0,0,0,3,0,0,0,3,3,0,0
"Pandalus.borealis",0,0,0,3,0,0,2,2,0,0,1,0,1,2,0,3,0,0,3,0,0,3,0,0,0,0,0,0,0,1,2,0,0,0,3,2,1,0
"Pandalus.goniurus",0,0,0,6,0,0,4,4,0,0,0,0,0,6,0,2,4,0,6,0,0,6,0,0,0,0,0,0,0,4,2,0,0,0,6,4,2,0
"Pandora.glacialis",0,0,0,6,0,0,2,4,0,0,0,6,0,0,0,4,2,0,0,6,0,6,0,0,0,0,0,0,4,4,0,0,0,6,0,4,2,0
"Pannychia.moseleyi",NA,NA,NA,NA,NA,0,0,0,3,0,0,NA,NA,NA,NA,NA,NA,NA,NA,NA,NA,NA,NA,NA,NA,NA,NA,NA,NA,NA,NA,NA,NA,NA,NA,NA,NA,NA
"Paramphithoe.cuspidata",0,0,0,3,0,0,3,0,0,0,0,NA,NA,NA,NA,0,3,0,0,0,3,NA,NA,NA,NA,NA,NA,NA,NA,NA,NA,0,0,0,3,2,1,0
"Paramphithoe.polyacantha",0,0,0,6,0,0,4,2,0,0,0,NA,NA,NA,NA,0,6,0,0,0,6,NA,NA,NA,NA,NA,NA,NA,NA,NA,NA,0,0,0,6,4,2,0
"Paroediceros.lynceus",0,0,0,6,0,0,4,2,0,0,0,6,0,0,0,4,2,0,0,0,6,4,0,0,2,0,0,0,4,0,2,0,0,0,6,4,4,0
"Paroediceros.propinquus",NA,NA,NA,NA,NA,0,3,0,0,0,0,NA,NA,NA,NA,NA,NA,NA,NA,NA,NA,NA,NA,NA,NA,NA,NA,NA,NA,NA,NA,NA,NA,NA,NA,NA,NA,NA
"Pelonaia.corrugata",0,6,0,0,0,0,0,4,2,0,0,6,0,0,0,0,2,4,0,0,6,6,0,0,0,0,0,6,0,0,0,0,6,0,0,6,0,0
"Philine.sp..",2,0,0,0,1,0,2,1,0,0,0,0,1,2,0,0,3,0,0,3,0,3,0,0,0,0,0,0,1,2,0,0,1,2,0,3,0,0
"Photis.sp..",0,0,0,3,0,0,3,0,0,0,3,0,0,0,0,0,3,0,0,0,3,1,0,2,0,0,0,0,0,0,3,0,0,0,3,3,0,0
"Phyllodoce.groenlandica",0,6,0,0,0,0,2,4,0,0,0,0,4,4,0,0,6,0,6,0,0,2,0,0,4,0,0,0,6,0,0,0,0,6,0,4,2,0
"Phyllodocidae",0,6,0,0,0,0,4,2,0,0,0,0,0,6,0,0,6,0,6,0,0,2,0,0,4,0,0,0,4,4,2,0,0,6,0,4,2,0
"Platyhelminthes",0,0,6,0,0,0,2,4,0,0,0,0,0,6,0,2,4,0,0,0,6,4,0,0,0,2,0,0,0,6,0,0,0,0,6,6,0,0
"Pleustes.cataphractus",0,0,0,3,0,0,3,0,0,0,1,0,1,2,0,0,1,2,0,0,3,3,0,0,0,0,0,0,0,0,3,0,0,0,3,3,0,0
"Pleustes.panopla",0,0,0,3,0,0,3,0,0,0,1,0,1,2,0,0,3,0,0,0,3,3,0,0,0,0,0,0,0,0,3,0,0,0,3,3,0,0
"Plicifusus.kroeyeri",2,0,0,0,4,0,0,4,4,0,0,0,0,6,0,0,4,4,0,0,6,6,0,0,0,0,0,0,0,6,0,0,0,6,0,4,2,0
"Plicifusus.sp..",1,0,0,0,2,0,0,3,0,0,0,0,0,3,0,0,2,2,0,0,3,3,0,0,0,0,0,0,0,3,0,0,0,3,0,2,1,0
"Polymastia.sp.",0,0,4,0,2,0,0,2,4,0,0,6,0,0,0,0,4,2,0,6,0,0,0,0,0,0,6,6,0,0,0,2,0,4,0,0,0,6
"Polynoidae",0,4,2,0,0,0,2,4,0,0,2,0,2,4,0,2,4,0,4,0,2,4,0,2,2,2,0,0,4,4,2,0,4,2,4,4,2,0
"Pontoporeia.femorata",0,0,0,3,0,0,3,0,0,0,2,2,0,0,0,0,3,0,0,0,3,1,0,0,2,0,0,0,2,0,1,0,0,0,3,2,1,0
"Porifera",2,0,4,0,4,0,2,4,4,2,0,6,0,0,0,2,4,2,0,6,0,2,0,0,0,2,4,6,0,0,0,2,2,2,2,2,2,4
"Propebela.arctica",2,0,0,0,4,0,5,2,0,0,0,0,0,6,0,0,6,0,NA,NA,NA,6,0,0,0,0,0,0,0,6,0,NA,NA,NA,NA,2,4,0
"Propebela.nobilis",2,0,0,0,4,0,4,4,0,0,0,0,0,6,0,0,6,0,NA,NA,NA,6,0,0,0,0,0,0,0,6,0,NA,NA,NA,NA,2,4,0
"Propebela.sp..",1,0,0,0,2,0,2,1,0,0,0,0,0,3,0,0,3,0,NA,NA,NA,3,0,0,0,0,0,0,0,3,0,NA,NA,NA,NA,1,2,0
"Protomedeia.grandimana",0,0,0,6,0,0,6,0,0,0,2,4,0,0,0,0,6,0,0,0,6,0,0,6,0,0,0,0,4,2,0,0,0,0,6,6,0,0
"Protomedia.sp.",0,0,0,3,0,0,3,0,0,0,1,2,0,0,0,0,3,0,0,0,3,0,0,3,0,0,0,0,2,1,0,0,0,0,3,3,0,0
"Pseudoliomesus.ooides",1,0,0,0,2,0,2,2,0,0,0,0,1,2,0,0,2,1,0,0,3,3,0,0,0,0,0,0,0,3,0,0,0,3,0,NA,NA,NA
"Psolus.peronii",4,2,0,0,0,0,0,0,6,0,4,4,0,0,0,0,0,6,0,6,0,6,0,0,0,0,0,0,0,6,0,0,6,0,0,2,4,0
"Psolus.phantapus",2,1,0,0,0,0,0,0,3,0,2,2,0,0,0,0,0,3,0,3,0,0,0,0,3,0,0,0,2,1,0,0,3,0,0,3,0,0
"Pteraster.jordani",0,0,3,0,0,0,0,0,3,0,1,0,2,2,0,0,0,3,0,3,0,3,0,0,0,0,0,0,0,3,0,0,0,0,3,3,0,0
"Pteraster.militaris",0,0,3,0,0,0,0,1,2,0,0,0,0,3,0,0,1,2,0,1,2,3,0,0,0,0,0,0,0,3,0,0,0,0,3,3,0,0
"Pteraster.obscurus",0,0,6,0,0,0,0,0,4,2,2,0,4,4,0,0,0,6,0,6,0,6,0,0,0,0,0,0,0,6,0,0,0,0,6,6,0,0
"Pteraster.sp..",0,0,3,0,0,0,0,1,2,1,1,0,2,2,0,0,0,3,0,3,0,3,0,0,0,0,0,0,0,3,0,0,0,0,3,3,0,0
"Pycnogonidae",1,0,1,0,4,4,4,2,3,0,0,0,2,3,1,1,3,2,3,0,3,6,0,0,0,0,0,0,0,5,1,0,0,3,3,5,2,0
"Pyrulofusus.deformis",1,0,1,0,4,0,0,0,6,0,0,0,2,4,0,0,4,2,3,0,3,6,0,0,0,0,0,0,0,5,1,0,0,3,3,5,2,0
"Quasimelita.formosa",0,0,0,6,0,0,4,2,0,0,4,2,0,0,0,0,6,0,0,0,6,6,0,0,0,0,0,0,0,0,6,0,0,0,6,6,0,0
"Quasimelita.quadrispinosa",0,0,0,3,0,0,3,0,0,0,2,2,0,0,0,0,3,0,0,0,3,3,0,0,0,0,0,0,2,0,1,0,0,0,3,3,0,0
"Retifusus.sp..",1,0,0,0,2,0,1,2,0,0,0,0,1,2,0,0,1,2,0,0,3,3,0,0,0,0,0,0,0,3,0,0,0,3,0,3,0,0
"Rhachotropis.aculeata",0,0,0,6,0,0,2,4,0,0,0,0,0,6,0,0,6,0,0,0,6,6,0,0,0,0,0,0,0,0,6,0,0,0,6,4,2,0
"Rhachotropis.oculata",0,0,0,3,0,0,3,0,0,0,0,0,0,3,0,0,3,0,0,0,3,3,0,0,0,0,0,0,0,0,3,0,0,0,3,3,0,0
"Rhegaster.tumidus",NA,NA,NA,NA,NA,0,0,1,2,0,0,NA,NA,NA,NA,NA,NA,NA,NA,NA,NA,NA,NA,NA,NA,NA,NA,NA,NA,NA,NA,NA,NA,NA,NA,NA,NA,NA
"Rozinante.fragilis",0,0,0,6,0,0,6,0,0,0,4,0,2,0,0,0,6,0,0,0,6,6,0,0,0,0,0,0,0,0,6,0,0,0,6,6,0,0
"Sabinea.septemcarinata",0,0,4,2,0,0,0,4,2,0,0,0,0,6,0,0,4,2,6,0,0,6,0,0,0,0,0,0,0,0,6,0,0,0,6,6,0,0
"Saduria.entomon",0,0,3,0,0,0,0,2,1,0,0,0,1,2,0,0,0,3,0,0,3,3,0,0,0,0,0,0,2,0,1,0,0,0,3,2,1,0
"Saduria.sabini",0,0,3,0,0,0,0,2,1,0,0,0,2,1,0,0,0,3,0,0,3,3,0,0,0,0,0,0,2,0,1,0,0,0,3,3,0,0
"Saduria.sibirica",0,0,3,0,0,1,2,0,0,0,0,0,2,2,0,0,0,3,0,0,3,3,0,0,0,0,0,0,0,3,0,0,0,0,3,2,1,0
"Sclerocrangon.boreas",0,0,0,3,0,0,0,2,1,0,0,0,3,0,0,0,3,0,0,0,3,3,0,0,0,0,0,0,0,0,3,0,0,0,3,2,2,0
"Scoletoma.fragilis",3,0,0,0,0,0,1,2,0,0,2,0,0,2,0,NA,NA,NA,0,3,0,1,0,0,2,0,0,0,3,0,0,NA,NA,NA,NA,NA,NA,NA
"Scoletoma.sp..",3,0,0,0,0,0,1,2,0,0,2,0,0,2,0,NA,NA,NA,0,3,0,1,0,0,2,0,0,0,3,0,0,NA,NA,NA,NA,NA,NA,NA
"Semisuberites.cribrosa",0,0,0,0,6,0,2,4,0,0,0,6,0,0,0,0,4,2,0,6,0,0,0,0,0,0,6,6,0,0,0,NA,NA,NA,NA,0,0,6
"Serripes.groenlandicus",0,0,0,6,0,0,0,4,4,0,4,4,0,0,0,0,4,2,6,0,0,6,0,0,0,0,0,0,4,2,0,0,6,0,0,2,4,0
"Serripes.sp..",0,0,0,3,0,0,2,1,0,0,2,2,0,0,0,0,2,1,3,0,0,3,0,0,0,0,0,0,2,1,0,0,3,0,0,1,2,0
"Sertularia.sp...Thuiaria.sp.",0,0,0,0,3,2,2,0,0,0,0,0,0,3,0,0,3,0,0,3,0,0,0,0,0,2,1,3,0,0,0,1,2,0,0,0,0,3
"Similipecten.greenlandicus",0,0,3,0,0,0,2,1,0,0,0,3,0,0,0,3,0,0,0,0,3,3,0,0,0,0,0,0,3,0,0,0,0,0,3,2,1,0
"Socarnes.bidenticulatus",0,0,0,6,0,0,0,6,0,0,0,0,6,0,0,0,6,0,0,0,6,6,0,0,0,0,0,0,0,0,6,0,0,0,6,2,4,0
"Solariella.obscura",2,0,0,0,1,0,3,0,0,0,1,0,0,2,0,1,2,0,NA,NA,NA,3,0,0,0,0,0,0,0,3,0,NA,NA,NA,NA,1,2,0
"Solaster.sp.",NA,NA,NA,NA,NA,0,0,0,2,2,0,NA,NA,NA,NA,NA,NA,NA,NA,NA,NA,NA,NA,NA,NA,NA,NA,NA,NA,NA,NA,NA,NA,NA,NA,NA,NA,NA
"Spinther.sp..",0,0,3,0,0,0,2,1,0,0,0,0,0,1,2,1,2,0,NA,NA,NA,0,0,0,0,3,0,0,0,3,0,NA,NA,NA,NA,3,0,0
"Spirontocaris.sp.",0,0,0,6,0,0,0,6,0,0,0,0,0,6,0,0,4,2,6,0,0,6,0,0,0,0,0,0,0,4,4,0,0,0,6,4,2,0
"Stegocephalus.ampulla",1,0,0,2,0,0,2,1,0,0,0,2,2,2,0,0,2,2,0,0,3,2,0,0,0,1,0,0,0,0,3,0,0,0,3,2,1,0
"Stegocephalus.inflatus",2,0,0,4,0,0,0,4,2,0,0,4,4,4,0,0,4,4,0,0,6,4,0,0,0,2,0,0,0,0,6,0,0,0,6,4,2,0
"Stegocephalus.sp.",2,0,0,4,0,0,4,4,0,0,0,4,4,4,0,0,4,4,0,0,6,4,0,0,0,2,0,0,0,0,6,0,0,0,6,4,2,0
"Stegophiura.nodosa",0,0,6,0,0,0,4,4,0,0,0,0,0,6,0,2,4,0,0,0,6,6,0,0,0,0,0,0,0,6,0,0,0,0,6,4,2,0
"Stenosemus.albus",0,0,6,0,0,0,6,0,0,0,6,0,0,0,0,0,4,2,0,6,0,4,0,0,0,2,0,0,0,6,0,0,6,0,0,6,0,0
"Stomphia.sp.",2,0,0,0,4,0,0,0,6,0,0,0,0,6,0,0,2,4,4,4,0,2,0,0,0,0,4,4,0,2,2,0,6,0,0,4,2,0
"Strongylocentrotus.pallidus",6,0,0,0,0,0,0,0,6,0,6,0,0,0,0,0,0,6,6,0,0,6,0,0,0,0,0,0,0,6,0,0,6,0,0,6,0,0
"Styela.rustica",0,0,0,0,6,0,0,2,4,0,0,6,0,0,0,0,4,2,0,6,0,0,0,0,0,4,4,6,0,0,0,0,6,0,0,0,6,0
"Styela.sp.",0,0,0,0,3,0,0,0,3,0,0,3,0,0,0,0,2,1,0,3,0,0,0,0,0,2,2,3,0,0,0,0,3,0,0,0,3,0
"Suberites.sp..",0,0,3,0,0,0,0,2,2,0,0,3,0,0,0,0,1,2,0,3,0,2,0,0,0,1,1,3,0,0,0,1,0,2,0,0,0,3
"Syllis.armillaris",0,3,0,0,0,2,2,0,0,0,1,0,0,2,0,1,2,0,3,0,0,3,0,0,0,0,0,0,2,1,0,0,3,0,0,3,0,0
"Synidotea.bicuspida",2,0,4,0,0,0,2,4,0,0,2,4,0,0,0,0,0,6,0,0,6,6,0,0,0,0,0,0,0,6,0,0,0,0,6,6,0,0
"Synidotea.sp.",1,0,2,0,0,0,2,2,0,0,1,2,0,0,0,0,0,3,0,0,3,3,0,0,0,0,0,0,0,3,0,0,0,0,3,3,0,0
"Syrrhoe.crenulata",0,0,0,3,0,0,3,0,0,0,0,3,0,0,0,NA,NA,NA,0,0,3,3,0,0,0,0,0,0,0,0,3,0,0,0,3,3,0,0
"Tachyrhynchus.erosus",0,0,0,0,6,0,2,4,0,0,0,0,2,4,0,0,4,2,6,0,0,6,0,0,0,0,0,0,2,4,0,0,6,0,0,2,4,0
"Tachyrhynchus.sp..",0,0,0,0,3,0,3,0,0,0,0,0,0,3,0,0,2,1,3,0,0,3,0,0,0,0,0,0,1,2,0,0,3,0,0,1,2,0
"Tanaidacea",0,0,0,3,0,0,3,0,0,0,2,0,0,1,0,0,3,0,0,0,3,1,1,1,1,0,0,0,2,1,0,0,0,0,3,3,0,0
"Tecticeps.sp..",0,0,3,0,0,1,2,0,0,0,0,0,3,0,0,0,0,3,0,0,3,3,0,0,0,0,0,0,0,3,0,0,0,0,3,2,1,0
"Telmessus.cheiragonus",0,0,2,0,2,0,1,0,2,0,0,0,0,2,0,0,0,3,0,0,3,2,0,0,1,0,0,0,0,3,0,0,0,0,3,3,0,0
"Tmetonyx.cicada",0,0,3,0,0,0,3,0,0,0,2,0,3,1,0,0,2,1,0,0,3,3,0,0,0,0,0,0,0,2,1,0,0,0,3,2,1,0
"Trichotropis.sp..",2,0,0,0,1,1,2,0,0,0,0,2,0,0,1,0,2,1,2,0,1,2,0,0,0,2,0,0,0,3,0,0,0,3,0,3,0,0
"Triopha",2,1,1,0,1,0,3,0,0,0,1,0,0,2,0,0,2,1,3,0,0,3,0,0,0,0,0,0,1,2,1,0,0,3,0,2,1,0
"Tritonia.sp.",4,2,0,0,0,0,0,4,2,2,0,0,0,6,0,0,6,0,0,6,0,6,0,0,0,0,0,0,0,6,0,0,0,6,0,6,0,0
"Tubularia.sp.",0,0,0,0,5,0,2,1,0,0,0,1,0,2,0,0,3,0,0,2,1,0,0,0,0,2,1,3,0,0,0,1,0,0,2,1,2,0
"Unciola.leucopsis",0,0,0,3,0,0,3,0,0,0,3,0,0,0,0,NA,NA,NA,0,0,3,0,0,3,0,0,0,0,2,0,2,0,0,0,3,3,0,0
"Urasterias.lincki",3,0,0,0,0,0,0,0,2,2,1,0,2,2,0,0,0,3,0,3,0,NA,NA,NA,NA,NA,NA,NA,NA,NA,NA,0,0,3,0,3,0,0
"Urticina.sp.",2,0,0,0,4,0,0,0,6,0,0,0,0,6,0,0,2,4,0,6,0,4,0,0,0,0,4,4,0,2,0,0,4,0,4,4,2,0
"Velutina.coriacea",4,0,0,0,2,0,6,0,0,0,0,0,0,6,0,2,4,0,6,0,0,4,0,0,0,2,0,0,0,6,0,0,0,6,0,4,2,0
"Velutina.laevigata",2,0,0,0,1,0,2,1,0,0,0,0,0,3,0,1,2,0,0,0,3,3,0,0,0,0,0,0,0,3,0,0,0,3,0,2,1,0
"Velutina.sp.",4,0,0,0,2,0,4,2,0,0,0,0,0,6,0,1,5,0,6,0,3,4,0,0,0,2,0,0,0,6,0,0,0,6,0,4,2,0
"Velutina.velutina",4,0,0,0,2,0,4,2,0,0,0,0,0,6,0,1,5,0,6,0,3,4,0,0,0,2,0,0,0,6,0,0,0,6,0,4,2,0
"Volutopsius.sp..",2,0,0,0,2,0,0,2,1,0,0,0,0,3,0,0,0,3,0,0,3,3,0,0,0,0,0,0,0,3,0,0,0,3,0,3,0,0
"Vulcanella.sp...",3,0,0,0,0,0,0,0,2,1,0,3,0,0,0,0,3,0,0,3,0,0,0,0,0,0,3,3,0,0,0,0,3,0,0,0,0,3
"Weyprechtia.heuglini",0,0,0,3,0,0,2,1,0,0,0,2,1,0,0,0,3,0,0,0,3,3,0,0,0,0,0,0,0,0,3,0,0,0,3,3,0,0
"Weyprechtia.pinguis",0,0,0,3,0,0,2,1,0,0,1,1,1,0,0,0,3,0,0,0,3,3,0,0,0,0,0,0,0,0,3,0,0,0,3,3,0,0
"Zoanthidea",0,0,0,0,3,0,3,0,0,0,0,1,0,2,0,0,3,0,3,0,0,0,0,0,0,0,3,3,0,0,0,2,1,0,0,1,0,3
