Year,Site,N_stone,Exposition,N,E,Core,Square,Juveniles_Alive,Juveniles_Dead,Adult_Alive,Adult_Dead
2012,East_site,1,Land,1.259,34.16,1,2,5,0,7,0
2012,East_site,1,Land,1.259,34.16,1,25,20,0,8,0
2012,East_site,1,Land,1.259,34.16,1,15,10,0,4,0
2012,East_site,1,Land,1.259,34.16,2,7,8,0,8,0
2012,East_site,1,Land,1.259,34.16,2,20,12,0,14,0
2012,East_site,1,Land,1.259,34.16,2,1,13,1,21,2
2012,East_site,1,Land,1.259,34.16,3,16,1,0,5,0
2012,East_site,1,Land,1.259,34.16,3,12,5,0,8,0
2012,East_site,1,Land,1.259,34.16,3,3,4,0,0,1
2012,East_site,1,Sea,1.259,34.16,1,1,9,1,0,0
2012,East_site,1,Sea,1.259,34.16,1,3,12,0,0,0
2012,East_site,1,Sea,1.259,34.16,1,7,6,0,0,0
2012,East_site,1,Sea,1.259,34.16,2,5,15,0,2,0
2012,East_site,1,Sea,1.259,34.16,2,20,3,0,9,0
2012,East_site,1,Sea,1.259,34.16,2,4,8,0,4,0
2012,East_site,1,Sea,1.259,34.16,3,16,2,0,0,0
2012,East_site,1,Sea,1.259,34.16,3,23,5,0,3,0
2012,East_site,1,Sea,1.259,34.16,3,15,6,0,4,0
2012,East_site,2,Land,1.282,34.175,1,11,4,0,5,0
2012,East_site,2,Land,1.282,34.175,1,25,0,0,5,0
2012,East_site,2,Land,1.282,34.175,1,17,0,0,5,0
2012,East_site,2,Land,1.282,34.175,2,2,38,0,0,1
2012,East_site,2,Land,1.282,34.175,2,4,2,0,7,0
2012,East_site,2,Land,1.282,34.175,2,20,3,0,3,0
2012,East_site,2,Land,1.282,34.175,3,7,0,0,5,0
2012,East_site,2,Land,1.282,34.175,3,23,4,0,1,0
2012,East_site,2,Land,1.282,34.175,3,6,0,0,5,1
2012,East_site,2,Sea,1.282,34.175,1,1,4,0,0,0
2012,East_site,2,Sea,1.282,34.175,1,4,5,0,0,0
2012,East_site,2,Sea,1.282,34.175,1,11,22,0,1,0
2012,East_site,2,Sea,1.282,34.175,2,5,10,0,9,0
2012,East_site,2,Sea,1.282,34.175,2,21,20,0,1,0
2012,East_site,2,Sea,1.282,34.175,2,15,0,0,13,0
2012,East_site,2,Sea,1.282,34.175,3,7,9,0,1,0
2012,East_site,2,Sea,1.282,34.175,3,6,4,0,6,0
2012,East_site,2,Sea,1.282,34.175,3,23,0,0,5,0
2012,East_site,3,Land,1.33,34.16,1,2,0,0,4,0
2012,East_site,3,Land,1.33,34.16,1,25,4,0,2,0
2012,East_site,3,Land,1.33,34.16,1,16,1,0,4,0
2012,East_site,3,Land,1.33,34.16,2,17,0,0,7,1
2012,East_site,3,Land,1.33,34.16,2,3,27,0,0,0
2012,East_site,3,Land,1.33,34.16,2,7,11,0,3,3
2012,East_site,3,Land,1.33,34.16,3,1,0,0,6,0
2012,East_site,3,Land,1.33,34.16,3,5,19,0,3,0
2012,East_site,3,Land,1.33,34.16,3,15,6,0,2,0
2012,East_site,3,Sea,1.33,34.16,1,3,21,1,0,0
2012,East_site,3,Sea,1.33,34.16,1,2,26,0,1,0
2012,East_site,3,Sea,1.33,34.16,1,12,0,0,6,0
2012,East_site,3,Sea,1.33,34.16,2,13,11,0,0,0
2012,East_site,3,Sea,1.33,34.16,2,4,18,0,0,0
2012,East_site,3,Sea,1.33,34.16,2,20,15,0,0,0
2012,East_site,3,Sea,1.33,34.16,3,5,22,0,0,0
2012,East_site,3,Sea,1.33,34.16,3,19,5,0,9,0
2012,East_site,3,Sea,1.33,34.16,3,1,0,0,10,1
2013,East_site,1,Land,1.259,34.16,1,24,2,0,9,0
2013,East_site,1,Land,1.259,34.16,1,1,2,0,10,0
2013,East_site,1,Land,1.259,34.16,1,23,0,0,7,0
2013,East_site,1,Land,1.259,34.16,2,3,0,0,14,0
2013,East_site,1,Land,1.259,34.16,2,2,0,0,13,0
2013,East_site,1,Land,1.259,34.16,2,11,1,0,5,0
2013,East_site,1,Land,1.259,34.16,3,24,2,0,13,0
2013,East_site,1,Land,1.259,34.16,3,10,4,0,7,0
2013,East_site,1,Land,1.259,34.16,3,3,4,0,10,0
2013,East_site,1,Sea,1.259,34.16,1,25,1,0,9,0
2013,East_site,1,Sea,1.259,34.16,1,18,1,1,10,0
2013,East_site,1,Sea,1.259,34.16,1,4,1,0,3,0
2013,East_site,1,Sea,1.259,34.16,2,5,0,0,2,0
2013,East_site,1,Sea,1.259,34.16,2,11,0,0,7,0
2013,East_site,1,Sea,1.259,34.16,2,15,0,0,0,0
2013,East_site,1,Sea,1.259,34.16,3,8,0,0,1,0
2013,East_site,1,Sea,1.259,34.16,3,3,0,0,0,0
2013,East_site,1,Sea,1.259,34.16,3,6,3,0,6,0
2013,East_site,2,Land,1.282,34.175,1,15,0,0,8,0
2013,East_site,2,Land,1.282,34.175,1,23,0,0,5,0
2013,East_site,2,Land,1.282,34.175,1,12,3,0,2,0
2013,East_site,2,Land,1.282,34.175,2,6,0,0,8,0
2013,East_site,2,Land,1.282,34.175,2,23,0,0,5,0
2013,East_site,2,Land,1.282,34.175,2,16,1,0,6,0
2013,East_site,2,Land,1.282,34.175,3,12,1,0,8,0
2013,East_site,2,Land,1.282,34.175,3,18,5,0,2,0
2013,East_site,2,Land,1.282,34.175,3,19,1,0,10,0
2013,East_site,2,Sea,1.282,34.175,1,10,3,0,6,0
2013,East_site,2,Sea,1.282,34.175,1,8,0,0,7,0
2013,East_site,2,Sea,1.282,34.175,1,6,0,0,11,0
2013,East_site,2,Sea,1.282,34.175,2,19,0,0,0,0
2013,East_site,2,Sea,1.282,34.175,2,5,0,0,0,0
2013,East_site,2,Sea,1.282,34.175,2,21,2,0,1,0
2013,East_site,2,Sea,1.282,34.175,3,5,0,0,0,0
2013,East_site,2,Sea,1.282,34.175,3,7,0,0,4,0
2013,East_site,2,Sea,1.282,34.175,3,8,2,0,7,0
2013,East_site,3,Land,1.33,34.16,1,4,0,0,0,0
2013,East_site,3,Land,1.33,34.16,1,15,1,0,0,0
2013,East_site,3,Land,1.33,34.16,1,6,0,0,0,0
2013,East_site,3,Land,1.33,34.16,2,10,4,1,0,0
2013,East_site,3,Land,1.33,34.16,2,12,6,0,0,0
2013,East_site,3,Land,1.33,34.16,2,7,1,0,0,0
2013,East_site,3,Land,1.33,34.16,3,13,8,0,0,0
2013,East_site,3,Land,1.33,34.16,3,14,4,1,0,0
2013,East_site,3,Land,1.33,34.16,3,3,5,0,0,0
2013,East_site,3,Sea,1.33,34.16,1,7,0,0,1,0
2013,East_site,3,Sea,1.33,34.16,1,11,0,0,3,0
2013,East_site,3,Sea,1.33,34.16,1,8,0,0,1,0
2013,East_site,3,Sea,1.33,34.16,2,13,4,0,0,3
2013,East_site,3,Sea,1.33,34.16,2,20,0,0,4,1
2013,East_site,3,Sea,1.33,34.16,2,5,0,0,0,1
2013,East_site,3,Sea,1.33,34.16,3,8,0,0,0,2
2013,East_site,3,Sea,1.33,34.16,3,13,0,0,0,0
2013,East_site,3,Sea,1.33,34.16,3,1,0,0,2,0
2014,East_site,1,Land,1.199,34.262,1,3,40,0,1,1
2014,East_site,1,Land,1.199,34.262,1,7,43,0,2,1
2014,East_site,1,Land,1.199,34.262,1,15,35,0,1,0
2014,East_site,1,Land,1.199,34.262,2,5,24,0,0,0
2014,East_site,1,Land,1.199,34.262,2,2,11,0,7,0
2014,East_site,1,Land,1.199,34.262,2,10,20,0,5,1
2014,East_site,1,Land,1.199,34.262,3,12,21,0,7,1
2014,East_site,1,Land,1.199,34.262,3,23,34,0,6,0
2014,East_site,1,Land,1.199,34.262,3,1,16,0,9,1
2014,East_site,1,Sea,1.199,34.262,1,18,23,0,2,0
2014,East_site,1,Sea,1.199,34.262,1,4,48,0,1,0
2014,East_site,1,Sea,1.199,34.262,1,11,39,0,1,0
2014,East_site,1,Sea,1.199,34.262,2,9,34,1,0,0
2014,East_site,1,Sea,1.199,34.262,2,20,34,1,0,0
2014,East_site,1,Sea,1.199,34.262,2,16,33,0,0,0
2014,East_site,1,Sea,1.199,34.262,3,21,29,0,1,0
2014,East_site,1,Sea,1.199,34.262,3,19,29,1,0,0
2014,East_site,1,Sea,1.199,34.262,3,8,30,0,0,0
2014,East_site,2,Land,1.2,34.254,1,24,22,0,8,0
2014,East_site,2,Land,1.2,34.254,1,3,31,0,7,0
2014,East_site,2,Land,1.2,34.254,1,17,35,0,3,1
2014,East_site,2,Land,1.2,34.254,2,20,24,0,0,0
2014,East_site,2,Land,1.2,34.254,2,11,27,1,7,0
2014,East_site,2,Land,1.2,34.254,2,2,27,1,3,0
2014,East_site,2,Land,1.2,34.254,3,25,12,0,7,1
2014,East_site,2,Land,1.2,34.254,3,7,29,0,2,0
2014,East_site,2,Land,1.2,34.254,3,4,13,1,8,0
2014,East_site,2,Sea,1.2,34.254,1,15,8,0,9,0
2014,East_site,2,Sea,1.2,34.254,1,8,38,0,5,1
2014,East_site,2,Sea,1.2,34.254,1,22,13,0,8,0
2014,East_site,2,Sea,1.2,34.254,2,13,46,1,1,0
2014,East_site,2,Sea,1.2,34.254,2,1,1,0,11,0
2014,East_site,2,Sea,1.2,34.254,2,9,45,0,0,0
2014,East_site,2,Sea,1.2,34.254,3,23,28,0,0,0
2014,East_site,2,Sea,1.2,34.254,3,5,24,0,1,0
2014,East_site,2,Sea,1.2,34.254,3,10,23,0,2,0
2014,East_site,3,Land,1.203,34.242,1,12,26,0,8,0
2014,East_site,3,Land,1.203,34.242,1,21,41,1,6,0
2014,East_site,3,Land,1.203,34.242,1,23,44,0,7,0
2014,East_site,3,Land,1.203,34.242,2,7,7,0,12,0
2014,East_site,3,Land,1.203,34.242,2,9,10,0,6,0
2014,East_site,3,Land,1.203,34.242,2,13,20,0,2,0
2014,East_site,3,Land,1.203,34.242,3,17,17,0,2,0
2014,East_site,3,Land,1.203,34.242,3,20,21,0,6,1
2014,East_site,3,Land,1.203,34.242,3,15,11,0,12,0
2014,East_site,3,Sea,1.203,34.242,1,4,40,0,1,0
2014,East_site,3,Sea,1.203,34.242,1,18,2,0,2,0
2014,East_site,3,Sea,1.203,34.242,1,25,7,0,5,1
2014,East_site,3,Sea,1.203,34.242,2,10,37,0,0,0
2014,East_site,3,Sea,1.203,34.242,2,6,29,0,0,0
2014,East_site,3,Sea,1.203,34.242,2,11,36,0,0,0
2014,East_site,3,Sea,1.203,34.242,3,19,20,0,2,2
2014,East_site,3,Sea,1.203,34.242,3,16,13,0,3,0
2014,East_site,3,Sea,1.203,34.242,3,3,2,0,6,1
2012,Severnaya_guba,1,Land,1.465,32.55,1,5,0,0,0,0
2012,Severnaya_guba,1,Land,1.465,32.55,1,6,0,0,0,0
2012,Severnaya_guba,1,Land,1.465,32.55,1,11,0,0,0,0
2012,Severnaya_guba,1,Land,1.465,32.55,2,13,0,0,0,0
2012,Severnaya_guba,1,Land,1.465,32.55,2,1,0,0,0,0
2012,Severnaya_guba,1,Land,1.465,32.55,2,17,0,0,0,0
2012,Severnaya_guba,1,Land,1.465,32.55,3,8,0,0,0,0
2012,Severnaya_guba,1,Land,1.465,32.55,3,22,0,0,0,0
2012,Severnaya_guba,1,Land,1.465,32.55,3,3,0,0,0,0
2012,Severnaya_guba,1,Sea,1.465,32.55,1,7,0,0,0,0
2012,Severnaya_guba,1,Sea,1.465,32.55,1,3,0,0,0,1
2012,Severnaya_guba,1,Sea,1.465,32.55,1,2,0,0,0,0
2012,Severnaya_guba,1,Sea,1.465,32.55,2,19,0,0,4,0
2012,Severnaya_guba,1,Sea,1.465,32.55,2,25,0,0,3,0
2012,Severnaya_guba,1,Sea,1.465,32.55,2,22,0,0,2,0
2012,Severnaya_guba,1,Sea,1.465,32.55,3,24,0,0,1,0
2012,Severnaya_guba,1,Sea,1.465,32.55,3,8,0,0,4,0
2012,Severnaya_guba,1,Sea,1.465,32.55,3,16,0,0,0,1
2012,Severnaya_guba,2,Land,1.452,32.553,1,9,0,0,0,0
2012,Severnaya_guba,2,Land,1.452,32.553,1,10,0,0,0,0
2012,Severnaya_guba,2,Land,1.452,32.553,1,13,0,0,0,0
2012,Severnaya_guba,2,Land,1.452,32.553,2,8,0,0,0,0
2012,Severnaya_guba,2,Land,1.452,32.553,2,25,0,0,0,0
2012,Severnaya_guba,2,Land,1.452,32.553,2,2,0,0,0,0
2012,Severnaya_guba,2,Land,1.452,32.553,3,1,0,0,0,0
2012,Severnaya_guba,2,Land,1.452,32.553,3,6,0,0,0,0
2012,Severnaya_guba,2,Land,1.452,32.553,3,14,0,0,0,0
2012,Severnaya_guba,2,Sea,1.452,32.553,1,8,0,0,0,0
2012,Severnaya_guba,2,Sea,1.452,32.553,1,20,0,0,1,0
2012,Severnaya_guba,2,Sea,1.452,32.553,1,11,0,0,0,0
2012,Severnaya_guba,2,Sea,1.452,32.553,2,9,0,0,0,0
2012,Severnaya_guba,2,Sea,1.452,32.553,2,13,0,0,0,0
2012,Severnaya_guba,2,Sea,1.452,32.553,2,14,0,0,0,0
2012,Severnaya_guba,2,Sea,1.452,32.553,3,6,0,0,0,0
2012,Severnaya_guba,2,Sea,1.452,32.553,3,3,0,0,0,0
2012,Severnaya_guba,2,Sea,1.452,32.553,3,1,0,0,0,0
2012,Severnaya_guba,3,Land,1.46,32.559,1,16,0,0,0,0
2012,Severnaya_guba,3,Land,1.46,32.559,1,23,0,0,0,0
2012,Severnaya_guba,3,Land,1.46,32.559,1,15,0,0,0,0
2012,Severnaya_guba,3,Land,1.46,32.559,2,11,0,0,0,0
2012,Severnaya_guba,3,Land,1.46,32.559,2,4,0,0,0,0
2012,Severnaya_guba,3,Land,1.46,32.559,2,7,0,0,0,0
2012,Severnaya_guba,3,Land,1.46,32.559,3,13,0,0,0,0
2012,Severnaya_guba,3,Land,1.46,32.559,3,16,0,0,0,0
2012,Severnaya_guba,3,Land,1.46,32.559,3,2,0,0,0,0
2012,Severnaya_guba,3,Sea,1.46,32.559,1,2,0,0,1,0
2012,Severnaya_guba,3,Sea,1.46,32.559,1,12,0,0,2,0
2012,Severnaya_guba,3,Sea,1.46,32.559,1,25,0,0,2,0
2012,Severnaya_guba,3,Sea,1.46,32.559,2,3,0,0,1,0
2012,Severnaya_guba,3,Sea,1.46,32.559,2,8,0,0,0,0
2012,Severnaya_guba,3,Sea,1.46,32.559,2,14,0,0,0,0
2012,Severnaya_guba,3,Sea,1.46,32.559,3,11,0,0,1,0
2012,Severnaya_guba,3,Sea,1.46,32.559,3,21,0,0,4,0
2012,Severnaya_guba,3,Sea,1.46,32.559,3,13,0,0,1,0
2013,Severnaya_guba,1,Land,0.415,34.813,1,24,14,0,0,0
2013,Severnaya_guba,1,Land,0.415,34.813,1,3,20,0,0,0
2013,Severnaya_guba,1,Land,0.415,34.813,1,21,9,0,3,0
2013,Severnaya_guba,1,Land,0.415,34.813,2,4,6,0,0,0
2013,Severnaya_guba,1,Land,0.415,34.813,2,6,7,0,2,0
2013,Severnaya_guba,1,Land,0.415,34.813,2,14,3,0,0,0
2013,Severnaya_guba,1,Land,0.415,34.813,3,22,12,0,3,0
2013,Severnaya_guba,1,Land,0.415,34.813,3,6,1,0,0,0
2013,Severnaya_guba,1,Land,0.415,34.813,3,13,4,0,2,0
2013,Severnaya_guba,1,Sea,0.415,34.813,1,15,3,0,0,0
2013,Severnaya_guba,1,Sea,0.415,34.813,1,5,13,1,0,0
2013,Severnaya_guba,1,Sea,0.415,34.813,1,13,9,0,4,1
2013,Severnaya_guba,1,Sea,0.415,34.813,2,1,9,0,0,0
2013,Severnaya_guba,1,Sea,0.415,34.813,2,21,12,0,1,0
2013,Severnaya_guba,1,Sea,0.415,34.813,2,14,12,0,0,0
2013,Severnaya_guba,1,Sea,0.415,34.813,3,5,10,0,0,0
2013,Severnaya_guba,1,Sea,0.415,34.813,3,8,15,0,0,0
2013,Severnaya_guba,1,Sea,0.415,34.813,3,21,5,0,4,0
2013,Severnaya_guba,2,Land,0.423,34.826,1,25,10,0,7,0
2013,Severnaya_guba,2,Land,0.423,34.826,1,6,16,0,0,0
2013,Severnaya_guba,2,Land,0.423,34.826,1,8,4,0,1,0
2013,Severnaya_guba,2,Land,0.423,34.826,2,21,9,0,0,0
2013,Severnaya_guba,2,Land,0.423,34.826,2,22,10,0,0,0
2013,Severnaya_guba,2,Land,0.423,34.826,2,3,2,0,2,0
2013,Severnaya_guba,2,Land,0.423,34.826,3,17,2,0,3,2
2013,Severnaya_guba,2,Land,0.423,34.826,3,5,0,0,1,0
2013,Severnaya_guba,2,Land,0.423,34.826,3,11,5,0,4,1
2013,Severnaya_guba,2,Sea,0.423,34.826,1,17,8,0,4,1
2013,Severnaya_guba,2,Sea,0.423,34.826,1,23,7,0,4,1
2013,Severnaya_guba,2,Sea,0.423,34.826,1,6,7,0,3,0
2013,Severnaya_guba,2,Sea,0.423,34.826,2,24,9,0,5,0
2013,Severnaya_guba,2,Sea,0.423,34.826,2,7,5,0,0,0
2013,Severnaya_guba,2,Sea,0.423,34.826,2,20,15,0,0,0
2013,Severnaya_guba,2,Sea,0.423,34.826,3,19,11,0,0,0
2013,Severnaya_guba,2,Sea,0.423,34.826,3,1,31,0,1,0
2013,Severnaya_guba,2,Sea,0.423,34.826,3,2,17,1,5,3
2013,Severnaya_guba,3,Land,0.429,34.85,1,13,7,0,9,0
2013,Severnaya_guba,3,Land,0.429,34.85,1,17,11,0,2,0
2013,Severnaya_guba,3,Land,0.429,34.85,1,5,11,0,7,1
2013,Severnaya_guba,3,Land,0.429,34.85,2,8,3,0,2,0
2013,Severnaya_guba,3,Land,0.429,34.85,2,24,15,2,3,0
2013,Severnaya_guba,3,Land,0.429,34.85,2,3,8,0,7,0
2013,Severnaya_guba,3,Land,0.429,34.85,3,21,7,0,3,1
2013,Severnaya_guba,3,Land,0.429,34.85,3,14,11,0,4,0
2013,Severnaya_guba,3,Land,0.429,34.85,3,11,8,0,2,0
2013,Severnaya_guba,3,Sea,0.429,34.85,1,13,28,0,0,0
2013,Severnaya_guba,3,Sea,0.429,34.85,1,11,8,0,4,0
2013,Severnaya_guba,3,Sea,0.429,34.85,1,2,11,0,4,0
2013,Severnaya_guba,3,Sea,0.429,34.85,2,21,0,1,6,0
2013,Severnaya_guba,3,Sea,0.429,34.85,2,24,0,0,5,0
2013,Severnaya_guba,3,Sea,0.429,34.85,2,8,13,1,2,0
2013,Severnaya_guba,3,Sea,0.429,34.85,3,6,17,0,4,1
2013,Severnaya_guba,3,Sea,0.429,34.85,3,4,8,0,6,0
2013,Severnaya_guba,3,Sea,0.429,34.85,3,19,28,1,0,0
2014,Severnaya_guba,1,Land,1.505,32.512,1,6,6,1,0,0
2014,Severnaya_guba,1,Land,1.505,32.512,1,21,10,0,0,0
2014,Severnaya_guba,1,Land,1.505,32.512,1,10,8,0,0,0
2014,Severnaya_guba,1,Land,1.505,32.512,2,15,18,0,1,0
2014,Severnaya_guba,1,Land,1.505,32.512,2,11,19,0,0,0
2014,Severnaya_guba,1,Land,1.505,32.512,2,23,5,0,0,0
2014,Severnaya_guba,1,Land,1.505,32.512,3,2,0,0,0,0
2014,Severnaya_guba,1,Land,1.505,32.512,3,17,6,1,1,0
2014,Severnaya_guba,1,Land,1.505,32.512,3,1,0,0,0,0
2014,Severnaya_guba,1,Sea,1.505,32.512,1,8,10,0,8,0
2014,Severnaya_guba,1,Sea,1.505,32.512,1,14,6,0,15,0
2014,Severnaya_guba,1,Sea,1.505,32.512,1,3,3,0,11,0
2014,Severnaya_guba,1,Sea,1.505,32.512,2,9,51,0,1,0
2014,Severnaya_guba,1,Sea,1.505,32.512,2,5,10,0,0,0
2014,Severnaya_guba,1,Sea,1.505,32.512,2,17,3,0,13,0
2014,Severnaya_guba,1,Sea,1.505,32.512,3,12,5,0,9,0
2014,Severnaya_guba,1,Sea,1.505,32.512,3,21,10,0,16,0
2014,Severnaya_guba,1,Sea,1.505,32.512,3,23,24,0,5,0
2014,Severnaya_guba,2,Land,1.505,32.501,1,13,47,0,0,0
2014,Severnaya_guba,2,Land,1.505,32.501,1,22,48,0,0,0
2014,Severnaya_guba,2,Land,1.505,32.501,1,19,56,0,0,0
2014,Severnaya_guba,2,Land,1.505,32.501,2,4,44,0,1,0
2014,Severnaya_guba,2,Land,1.505,32.501,2,20,4,0,9,0
2014,Severnaya_guba,2,Land,1.505,32.501,2,3,28,0,0,1
2014,Severnaya_guba,2,Land,1.505,32.501,3,17,10,0,14,0
2014,Severnaya_guba,2,Land,1.505,32.501,3,15,23,0,14,0
2014,Severnaya_guba,2,Land,1.505,32.501,3,10,21,0,8,0
2014,Severnaya_guba,2,Sea,1.505,32.501,1,12,0,0,37,1
2014,Severnaya_guba,2,Sea,1.505,32.501,1,2,55,0,0,0
2014,Severnaya_guba,2,Sea,1.505,32.501,1,18,7,0,22,0
2014,Severnaya_guba,2,Sea,1.505,32.501,2,23,46,2,7,0
2014,Severnaya_guba,2,Sea,1.505,32.501,2,13,35,0,10,0
2014,Severnaya_guba,2,Sea,1.505,32.501,2,14,30,1,18,1
2014,Severnaya_guba,2,Sea,1.505,32.501,3,8,25,0,18,0
2014,Severnaya_guba,2,Sea,1.505,32.501,3,22,31,1,3,0
2014,Severnaya_guba,2,Sea,1.505,32.501,3,14,14,0,14,0
2014,Severnaya_guba,3,Land,1.509,32.492,1,7,8,0,0,0
2014,Severnaya_guba,3,Land,1.509,32.492,1,15,15,0,0,0
2014,Severnaya_guba,3,Land,1.509,32.492,1,5,16,0,0,0
2014,Severnaya_guba,3,Land,1.509,32.492,2,4,21,0,0,0
2014,Severnaya_guba,3,Land,1.509,32.492,2,24,24,0,0,0
2014,Severnaya_guba,3,Land,1.509,32.492,2,20,30,0,0,0
2014,Severnaya_guba,3,Land,1.509,32.492,3,13,31,0,0,0
2014,Severnaya_guba,3,Land,1.509,32.492,3,15,33,0,0,0
2014,Severnaya_guba,3,Land,1.509,32.492,3,8,21,0,0,0
2014,Severnaya_guba,3,Sea,1.509,32.492,1,11,44,0,0,0
2014,Severnaya_guba,3,Sea,1.509,32.492,1,19,29,0,0,0
2014,Severnaya_guba,3,Sea,1.509,32.492,1,17,23,0,0,0
2014,Severnaya_guba,3,Sea,1.509,32.492,2,1,22,0,0,0
2014,Severnaya_guba,3,Sea,1.509,32.492,2,22,17,0,25,0
2014,Severnaya_guba,3,Sea,1.509,32.492,2,20,10,1,20,0
2014,Severnaya_guba,3,Sea,1.509,32.492,3,21,16,0,3,0
2014,Severnaya_guba,3,Sea,1.509,32.492,3,14,30,0,0,0
2014,Severnaya_guba,3,Sea,1.509,32.492,3,3,25,0,0,0
2012,West_site,1,Land,0.94,32.221,1,2,12,0,6,1
2012,West_site,1,Land,0.94,32.221,1,13,4,0,6,0
2012,West_site,1,Land,0.94,32.221,1,14,0,0,15,0
2012,West_site,1,Land,0.94,32.221,2,10,0,0,15,0
2012,West_site,1,Land,0.94,32.221,2,9,2,0,11,0
2012,West_site,1,Land,0.94,32.221,2,19,4,0,4,0
2012,West_site,1,Land,0.94,32.221,3,21,3,0,13,0
2012,West_site,1,Land,0.94,32.221,3,3,4,0,9,0
2012,West_site,1,Land,0.94,32.221,3,25,1,0,14,1
2012,West_site,1,Sea,0.94,32.221,1,2,0,0,15,0
2012,West_site,1,Sea,0.94,32.221,1,3,3,0,6,0
2012,West_site,1,Sea,0.94,32.221,1,21,1,0,7,0
2012,West_site,1,Sea,0.94,32.221,2,12,5,0,2,3
2012,West_site,1,Sea,0.94,32.221,2,11,4,0,4,0
2012,West_site,1,Sea,0.94,32.221,2,4,9,0,2,0
2012,West_site,1,Sea,0.94,32.221,3,13,10,0,1,0
2012,West_site,1,Sea,0.94,32.221,3,8,7,0,2,2
2012,West_site,1,Sea,0.94,32.221,3,17,7,0,2,0
2012,West_site,2,Land,0.828,32.397,1,16,20,0,0,0
2012,West_site,2,Land,0.828,32.397,1,2,21,0,1,0
2012,West_site,2,Land,0.828,32.397,1,20,2,0,6,0
2012,West_site,2,Land,0.828,32.397,2,3,5,0,2,0
2012,West_site,2,Land,0.828,32.397,2,14,24,0,0,0
2012,West_site,2,Land,0.828,32.397,2,8,15,2,0,0
2012,West_site,2,Land,0.828,32.397,3,19,30,0,0,0
2012,West_site,2,Land,0.828,32.397,3,21,21,0,0,0
2012,West_site,2,Land,0.828,32.397,3,25,18,1,0,0
2012,West_site,2,Sea,0.828,32.397,1,8,6,1,0,0
2012,West_site,2,Sea,0.828,32.397,1,9,12,1,0,0
2012,West_site,2,Sea,0.828,32.397,1,22,5,0,0,0
2012,West_site,2,Sea,0.828,32.397,2,14,12,0,0,0
2012,West_site,2,Sea,0.828,32.397,2,13,12,0,0,0
2012,West_site,2,Sea,0.828,32.397,2,1,9,1,3,0
2012,West_site,2,Sea,0.828,32.397,3,3,6,1,4,2
2012,West_site,2,Sea,0.828,32.397,3,7,6,0,4,1
2012,West_site,2,Sea,0.828,32.397,3,6,8,0,2,0
2012,West_site,3,Land,0.82,32.4,1,23,19,0,0,0
2012,West_site,3,Land,0.82,32.4,1,11,8,0,4,0
2012,West_site,3,Land,0.82,32.4,1,1,1,0,16,1
2012,West_site,3,Land,0.82,32.4,2,21,34,0,0,0
2012,West_site,3,Land,0.82,32.4,2,25,19,0,0,0
2012,West_site,3,Land,0.82,32.4,2,19,18,0,2,3
2012,West_site,3,Land,0.82,32.4,3,18,7,0,19,0
2012,West_site,3,Land,0.82,32.4,3,6,1,0,10,1
2012,West_site,3,Land,0.82,32.4,3,4,12,0,1,0
2012,West_site,3,Sea,0.82,32.4,1,9,7,0,0,0
2012,West_site,3,Sea,0.82,32.4,1,13,7,0,2,0
2012,West_site,3,Sea,0.82,32.4,1,7,7,1,0,0
2012,West_site,3,Sea,0.82,32.4,2,4,0,0,0,0
2012,West_site,3,Sea,0.82,32.4,2,11,9,0,1,0
2012,West_site,3,Sea,0.82,32.4,2,22,17,0,0,0
2012,West_site,3,Sea,0.82,32.4,3,23,15,0,7,1
2012,West_site,3,Sea,0.82,32.4,3,10,8,0,0,0
2012,West_site,3,Sea,0.82,32.4,3,9,9,0,1,0
2013,West_site,1,Land,1.199,32.676,1,24,20,0,0,0
2013,West_site,1,Land,1.199,32.676,1,25,23,3,0,0
2013,West_site,1,Land,1.199,32.676,1,5,20,2,5,3
2013,West_site,1,Land,1.199,32.676,2,7,10,1,3,1
2013,West_site,1,Land,1.199,32.676,2,15,24,1,1,2
2013,West_site,1,Land,1.199,32.676,2,24,15,1,2,0
2013,West_site,1,Land,1.199,32.676,3,11,18,1,0,0
2013,West_site,1,Land,1.199,32.676,3,18,12,0,2,0
2013,West_site,1,Land,1.199,32.676,3,14,17,0,0,0
2013,West_site,1,Sea,1.199,32.676,1,9,22,0,0,0
2013,West_site,1,Sea,1.199,32.676,1,11,24,1,0,0
2013,West_site,1,Sea,1.199,32.676,1,8,28,1,0,0
2013,West_site,1,Sea,1.199,32.676,2,9,30,0,0,0
2013,West_site,1,Sea,1.199,32.676,2,6,42,2,0,0
2013,West_site,1,Sea,1.199,32.676,2,19,21,1,0,0
2013,West_site,1,Sea,1.199,32.676,3,11,40,0,0,0
2013,West_site,1,Sea,1.199,32.676,3,20,28,1,0,0
2013,West_site,1,Sea,1.199,32.676,3,8,28,0,0,0
2013,West_site,2,Land,1.918,32.677,1,16,16,0,0,1
2013,West_site,2,Land,1.918,32.677,1,4,30,0,0,0
2013,West_site,2,Land,1.918,32.677,1,7,23,0,0,0
2013,West_site,2,Land,1.918,32.677,2,1,21,2,0,5
2013,West_site,2,Land,1.918,32.677,2,12,20,1,0,0
2013,West_site,2,Land,1.918,32.677,2,21,15,0,0,0
2013,West_site,2,Land,1.918,32.677,3,4,17,0,0,0
2013,West_site,2,Land,1.918,32.677,3,10,18,1,0,0
2013,West_site,2,Land,1.918,32.677,3,12,13,0,0,0
2013,West_site,2,Sea,1.918,32.677,1,6,12,1,0,0
2013,West_site,2,Sea,1.918,32.677,1,2,23,0,0,0
2013,West_site,2,Sea,1.918,32.677,1,15,18,0,0,0
2013,West_site,2,Sea,1.918,32.677,2,18,8,0,0,0
2013,West_site,2,Sea,1.918,32.677,2,21,13,0,0,0
2013,West_site,2,Sea,1.918,32.677,2,16,14,0,0,0
2013,West_site,2,Sea,1.918,32.677,3,20,26,0,0,0
2013,West_site,2,Sea,1.918,32.677,3,21,12,0,0,0
2013,West_site,2,Sea,1.918,32.677,3,3,20,0,0,0
2013,West_site,3,Land,1.919,32.676,1,6,11,0,1,1
2013,West_site,3,Land,1.919,32.676,1,19,13,0,0,0
2013,West_site,3,Land,1.919,32.676,1,21,16,0,0,0
2013,West_site,3,Land,1.919,32.676,2,13,15,0,0,0
2013,West_site,3,Land,1.919,32.676,2,4,20,0,0,1
2013,West_site,3,Land,1.919,32.676,2,12,27,0,0,0
2013,West_site,3,Land,1.919,32.676,3,7,20,0,0,1
2013,West_site,3,Land,1.919,32.676,3,1,12,0,2,3
2013,West_site,3,Land,1.919,32.676,3,19,17,1,0,0
2013,West_site,3,Sea,1.919,32.676,1,24,14,0,0,0
2013,West_site,3,Sea,1.919,32.676,1,22,9,0,0,0
2013,West_site,3,Sea,1.919,32.676,1,21,8,0,0,0
2013,West_site,3,Sea,1.919,32.676,2,20,16,1,0,0
2013,West_site,3,Sea,1.919,32.676,2,9,10,0,0,0
2013,West_site,3,Sea,1.919,32.676,2,2,19,0,0,0
2013,West_site,3,Sea,1.919,32.676,3,14,3,2,0,0
2013,West_site,3,Sea,1.919,32.676,3,7,13,1,0,0
2013,West_site,3,Sea,1.919,32.676,3,23,11,0,0,0
2014,West_site,1,Land,0.869,32.265,1,18,11,0,16,0
2014,West_site,1,Land,0.869,32.265,1,6,34,0,5,0
2014,West_site,1,Land,0.869,32.265,1,13,14,0,15,0
2014,West_site,1,Land,0.869,32.265,2,7,31,1,0,0
2014,West_site,1,Land,0.869,32.265,2,22,22,1,0,0
2014,West_site,1,Land,0.869,32.265,2,2,33,0,0,0
2014,West_site,1,Land,0.869,32.265,3,17,17,1,3,0
2014,West_site,1,Land,0.869,32.265,3,25,9,0,8,0
2014,West_site,1,Land,0.869,32.265,3,16,17,0,5,0
2014,West_site,1,Sea,0.869,32.265,1,19,8,1,0,0
2014,West_site,1,Sea,0.869,32.265,1,11,11,0,0,0
2014,West_site,1,Sea,0.869,32.265,1,1,10,0,0,0
2014,West_site,1,Sea,0.869,32.265,2,24,5,1,0,0
2014,West_site,1,Sea,0.869,32.265,2,10,12,0,0,0
2014,West_site,1,Sea,0.869,32.265,2,5,12,0,0,0
2014,West_site,1,Sea,0.869,32.265,3,7,27,0,0,0
2014,West_site,1,Sea,0.869,32.265,3,25,7,0,0,0
2014,West_site,1,Sea,0.869,32.265,3,4,12,1,0,0
2014,West_site,2,Land,0.862,32.294,1,11,13,0,0,0
2014,West_site,2,Land,0.862,32.294,1,16,41,0,0,0
2014,West_site,2,Land,0.862,32.294,1,20,47,0,0,0
2014,West_site,2,Land,0.862,32.294,2,4,43,0,2,0
2014,West_site,2,Land,0.862,32.294,2,21,24,0,2,0
2014,West_site,2,Land,0.862,32.294,2,17,45,3,0,0
2014,West_site,2,Land,0.862,32.294,3,3,55,0,0,0
2014,West_site,2,Land,0.862,32.294,3,18,62,0,0,2
2014,West_site,2,Land,0.862,32.294,3,25,37,0,3,0
2014,West_site,2,Sea,0.862,32.294,1,12,30,1,1,0
2014,West_site,2,Sea,0.862,32.294,1,21,17,0,0,0
2014,West_site,2,Sea,0.862,32.294,1,15,26,0,0,0
2014,West_site,2,Sea,0.862,32.294,2,6,26,0,3,0
2014,West_site,2,Sea,0.862,32.294,2,14,0,0,22,0
2014,West_site,2,Sea,0.862,32.294,2,8,0,0,17,0
2014,West_site,2,Sea,0.862,32.294,3,19,29,0,1,0
2014,West_site,2,Sea,0.862,32.294,3,24,32,0,3,0
2014,West_site,2,Sea,0.862,32.294,3,15,16,0,7,0
2014,West_site,3,Land,0.859,32.317,1,7,9,0,17,0
2014,West_site,3,Land,0.859,32.317,1,21,19,0,5,0
2014,West_site,3,Land,0.859,32.317,1,19,42,0,0,0
2014,West_site,3,Land,0.859,32.317,2,4,34,0,0,3
2014,West_site,3,Land,0.859,32.317,2,13,16,0,2,10
2014,West_site,3,Land,0.859,32.317,2,7,32,0,1,2
2014,West_site,3,Land,0.859,32.317,3,20,22,0,0,3
2014,West_site,3,Land,0.859,32.317,3,9,24,0,0,0
2014,West_site,3,Land,0.859,32.317,3,16,28,1,0,0
2014,West_site,3,Sea,0.859,32.317,1,3,11,0,11,0
2014,West_site,3,Sea,0.859,32.317,1,25,20,0,0,0
2014,West_site,3,Sea,0.859,32.317,1,4,0,0,11,2
2014,West_site,3,Sea,0.859,32.317,2,11,27,2,0,0
2014,West_site,3,Sea,0.859,32.317,2,23,25,0,0,2
2014,West_site,3,Sea,0.859,32.317,2,14,45,0,2,0
2014,West_site,3,Sea,0.859,32.317,3,15,49,0,0,0
2014,West_site,3,Sea,0.859,32.317,3,7,23,0,0,1
2014,West_site,3,Sea,0.859,32.317,3,1,27,0,1,1
2012,Youzhnaya_guba,1,Land,0.498,34.322,1,22,16,0,4,0
2012,Youzhnaya_guba,1,Land,0.498,34.322,1,23,22,0,2,0
2012,Youzhnaya_guba,1,Land,0.498,34.322,1,15,13,0,0,0
2012,Youzhnaya_guba,1,Land,0.498,34.322,2,11,23,0,0,0
2012,Youzhnaya_guba,1,Land,0.498,34.322,2,4,12,0,5,0
2012,Youzhnaya_guba,1,Land,0.498,34.322,2,7,20,0,1,0
2012,Youzhnaya_guba,1,Land,0.498,34.322,3,12,19,0,0,1
2012,Youzhnaya_guba,1,Land,0.498,34.322,3,2,2,0,6,2
2012,Youzhnaya_guba,1,Land,0.498,34.322,3,16,26,0,2,0
2012,Youzhnaya_guba,1,Sea,0.498,34.322,1,2,4,0,5,1
2012,Youzhnaya_guba,1,Sea,0.498,34.322,1,20,3,0,10,1
2012,Youzhnaya_guba,1,Sea,0.498,34.322,1,3,16,0,2,0
2012,Youzhnaya_guba,1,Sea,0.498,34.322,2,21,7,0,8,2
2012,Youzhnaya_guba,1,Sea,0.498,34.322,2,25,18,0,5,0
2012,Youzhnaya_guba,1,Sea,0.498,34.322,2,17,19,0,1,2
2012,Youzhnaya_guba,1,Sea,0.498,34.322,3,5,15,0,4,0
2012,Youzhnaya_guba,1,Sea,0.498,34.322,3,7,20,2,0,0
2012,Youzhnaya_guba,1,Sea,0.498,34.322,3,1,18,0,0,0
2012,Youzhnaya_guba,2,Land,0.512,34.298,1,1,12,0,0,0
2012,Youzhnaya_guba,2,Land,0.512,34.298,1,5,14,0,0,0
2012,Youzhnaya_guba,2,Land,0.512,34.298,1,7,21,0,0,0
2012,Youzhnaya_guba,2,Land,0.512,34.298,2,17,2,0,3,0
2012,Youzhnaya_guba,2,Land,0.512,34.298,2,21,32,0,11,0
2012,Youzhnaya_guba,2,Land,0.512,34.298,2,25,0,0,10,0
2012,Youzhnaya_guba,2,Land,0.512,34.298,3,3,20,0,2,0
2012,Youzhnaya_guba,2,Land,0.512,34.298,3,2,13,0,6,0
2012,Youzhnaya_guba,2,Land,0.512,34.298,3,20,14,0,4,0
2012,Youzhnaya_guba,2,Sea,0.512,34.298,1,16,6,0,0,0
2012,Youzhnaya_guba,2,Sea,0.512,34.298,1,12,10,0,0,0
2012,Youzhnaya_guba,2,Sea,0.512,34.298,1,2,11,0,0,0
2012,Youzhnaya_guba,2,Sea,0.512,34.298,2,7,7,0,0,0
2012,Youzhnaya_guba,2,Sea,0.512,34.298,2,11,8,1,0,0
2012,Youzhnaya_guba,2,Sea,0.512,34.298,2,4,4,0,0,0
2012,Youzhnaya_guba,2,Sea,0.512,34.298,3,23,13,0,0,0
2012,Youzhnaya_guba,2,Sea,0.512,34.298,3,22,14,0,1,0
2012,Youzhnaya_guba,2,Sea,0.512,34.298,3,15,6,0,0,0
2012,Youzhnaya_guba,3,Land,0.509,34.287,1,4,11,0,0,0
2012,Youzhnaya_guba,3,Land,0.509,34.287,1,7,11,0,0,0
2012,Youzhnaya_guba,3,Land,0.509,34.287,1,11,20,0,0,0
2012,Youzhnaya_guba,3,Land,0.509,34.287,2,2,15,0,0,0
2012,Youzhnaya_guba,3,Land,0.509,34.287,2,16,16,0,0,0
2012,Youzhnaya_guba,3,Land,0.509,34.287,2,12,19,0,0,0
2012,Youzhnaya_guba,3,Land,0.509,34.287,3,20,14,0,0,0
2012,Youzhnaya_guba,3,Land,0.509,34.287,3,3,12,0,0,0
2012,Youzhnaya_guba,3,Land,0.509,34.287,3,2,16,0,0,0
2012,Youzhnaya_guba,3,Sea,0.509,34.287,1,20,12,0,0,0
2012,Youzhnaya_guba,3,Sea,0.509,34.287,1,2,12,0,0,0
2012,Youzhnaya_guba,3,Sea,0.509,34.287,1,16,8,0,0,0
2012,Youzhnaya_guba,3,Sea,0.509,34.287,2,5,4,0,0,0
2012,Youzhnaya_guba,3,Sea,0.509,34.287,2,17,7,0,0,0
2012,Youzhnaya_guba,3,Sea,0.509,34.287,2,25,6,0,0,0
2012,Youzhnaya_guba,3,Sea,0.509,34.287,3,23,11,0,0,0
2012,Youzhnaya_guba,3,Sea,0.509,34.287,3,4,13,0,0,0
2012,Youzhnaya_guba,3,Sea,0.509,34.287,3,7,9,0,0,0
2013,Youzhnaya_guba,1,Land,0.498,34.322,1,13,28,1,0,0
2013,Youzhnaya_guba,1,Land,0.498,34.322,1,10,21,0,0,0
2013,Youzhnaya_guba,1,Land,0.498,34.322,1,15,18,0,0,0
2013,Youzhnaya_guba,1,Land,0.498,34.322,2,8,37,0,0,0
2013,Youzhnaya_guba,1,Land,0.498,34.322,2,16,19,0,0,0
2013,Youzhnaya_guba,1,Land,0.498,34.322,2,1,33,0,0,0
2013,Youzhnaya_guba,1,Land,0.498,34.322,3,7,31,0,0,1
2013,Youzhnaya_guba,1,Land,0.498,34.322,3,11,22,0,0,0
2013,Youzhnaya_guba,1,Land,0.498,34.322,3,9,26,0,0,0
2013,Youzhnaya_guba,1,Sea,0.498,34.322,1,5,10,0,5,1
2013,Youzhnaya_guba,1,Sea,0.498,34.322,1,11,29,0,0,9
2013,Youzhnaya_guba,1,Sea,0.498,34.322,1,22,16,0,0,6
2013,Youzhnaya_guba,1,Sea,0.498,34.322,2,1,25,0,9,0
2013,Youzhnaya_guba,1,Sea,0.498,34.322,2,12,27,1,0,0
2013,Youzhnaya_guba,1,Sea,0.498,34.322,2,18,7,1,0,0
2013,Youzhnaya_guba,1,Sea,0.498,34.322,3,10,21,0,0,0
2013,Youzhnaya_guba,1,Sea,0.498,34.322,3,14,30,1,0,0
2013,Youzhnaya_guba,1,Sea,0.498,34.322,3,3,38,0,0,1
2013,Youzhnaya_guba,2,Land,0.512,34.298,1,19,20,0,0,0
2013,Youzhnaya_guba,2,Land,0.512,34.298,1,20,25,0,0,0
2013,Youzhnaya_guba,2,Land,0.512,34.298,1,3,19,0,0,0
2013,Youzhnaya_guba,2,Land,0.512,34.298,2,11,24,0,0,0
2013,Youzhnaya_guba,2,Land,0.512,34.298,2,13,19,0,0,0
2013,Youzhnaya_guba,2,Land,0.512,34.298,2,6,21,0,0,0
2013,Youzhnaya_guba,2,Land,0.512,34.298,3,13,22,0,0,0
2013,Youzhnaya_guba,2,Land,0.512,34.298,3,11,27,0,0,0
2013,Youzhnaya_guba,2,Land,0.512,34.298,3,15,20,1,0,0
2013,Youzhnaya_guba,2,Sea,0.512,34.298,1,5,4,0,9,0
2013,Youzhnaya_guba,2,Sea,0.512,34.298,1,3,16,0,3,2
2013,Youzhnaya_guba,2,Sea,0.512,34.298,1,1,11,0,6,0
2013,Youzhnaya_guba,2,Sea,0.512,34.298,2,16,14,0,7,2
2013,Youzhnaya_guba,2,Sea,0.512,34.298,2,13,5,0,11,0
2013,Youzhnaya_guba,2,Sea,0.512,34.298,2,3,11,0,15,0
2013,Youzhnaya_guba,2,Sea,0.512,34.298,3,1,21,0,10,3
2013,Youzhnaya_guba,2,Sea,0.512,34.298,3,22,4,0,10,0
2013,Youzhnaya_guba,2,Sea,0.512,34.298,3,5,1,0,12,1
2013,Youzhnaya_guba,3,Land,0.509,34.287,1,1,21,1,0,0
2013,Youzhnaya_guba,3,Land,0.509,34.287,1,6,27,1,0,0
2013,Youzhnaya_guba,3,Land,0.509,34.287,1,10,21,0,0,0
2013,Youzhnaya_guba,3,Land,0.509,34.287,2,2,22,0,0,0
2013,Youzhnaya_guba,3,Land,0.509,34.287,2,15,26,0,2,0
2013,Youzhnaya_guba,3,Land,0.509,34.287,2,8,33,0,0,0
2013,Youzhnaya_guba,3,Land,0.509,34.287,3,19,30,1,0,0
2013,Youzhnaya_guba,3,Land,0.509,34.287,3,11,24,0,0,0
2013,Youzhnaya_guba,3,Land,0.509,34.287,3,18,18,0,0,0
2013,Youzhnaya_guba,3,Sea,0.509,34.287,1,12,21,0,0,0
2013,Youzhnaya_guba,3,Sea,0.509,34.287,1,11,27,0,0,0
2013,Youzhnaya_guba,3,Sea,0.509,34.287,1,13,24,0,0,0
2013,Youzhnaya_guba,3,Sea,0.509,34.287,2,15,2,0,7,1
2013,Youzhnaya_guba,3,Sea,0.509,34.287,2,5,32,0,0,0
2013,Youzhnaya_guba,3,Sea,0.509,34.287,2,8,40,0,0,0
2013,Youzhnaya_guba,3,Sea,0.509,34.287,3,8,15,1,8,0
2013,Youzhnaya_guba,3,Sea,0.509,34.287,3,4,25,0,3,0
2013,Youzhnaya_guba,3,Sea,0.509,34.287,3,20,18,0,8,0
2014,Youzhnaya_guba,1,Land,0.498,34.322,1,15,23,0,0,0
2014,Youzhnaya_guba,1,Land,0.498,34.322,1,7,20,0,0,0
2014,Youzhnaya_guba,1,Land,0.498,34.322,1,8,26,0,0,0
2014,Youzhnaya_guba,1,Land,0.498,34.322,2,17,26,0,0,0
2014,Youzhnaya_guba,1,Land,0.498,34.322,2,16,23,0,0,0
2014,Youzhnaya_guba,1,Land,0.498,34.322,2,25,21,0,0,0
2014,Youzhnaya_guba,1,Land,0.498,34.322,3,18,22,0,0,0
2014,Youzhnaya_guba,1,Land,0.498,34.322,3,25,10,1,0,0
2014,Youzhnaya_guba,1,Land,0.498,34.322,3,11,31,0,0,0
2014,Youzhnaya_guba,1,Sea,0.498,34.322,1,2,15,2,0,0
2014,Youzhnaya_guba,1,Sea,0.498,34.322,1,11,11,0,0,0
2014,Youzhnaya_guba,1,Sea,0.498,34.322,1,22,13,0,0,0
2014,Youzhnaya_guba,1,Sea,0.498,34.322,2,20,25,0,0,0
2014,Youzhnaya_guba,1,Sea,0.498,34.322,2,22,32,0,0,0
2014,Youzhnaya_guba,1,Sea,0.498,34.322,2,12,24,0,0,0
2014,Youzhnaya_guba,1,Sea,0.498,34.322,3,17,19,0,0,0
2014,Youzhnaya_guba,1,Sea,0.498,34.322,3,19,20,0,0,0
2014,Youzhnaya_guba,1,Sea,0.498,34.322,3,3,27,0,0,0
2014,Youzhnaya_guba,2,Sea,0.512,34.298,1,16,12,0,0,0
2014,Youzhnaya_guba,2,Sea,0.512,34.298,1,25,9,0,0,0
2014,Youzhnaya_guba,2,Sea,0.512,34.298,1,19,14,0,0,0
2014,Youzhnaya_guba,2,Sea,0.512,34.298,2,18,12,0,0,0
2014,Youzhnaya_guba,2,Sea,0.512,34.298,2,20,18,0,0,0
2014,Youzhnaya_guba,2,Sea,0.512,34.298,2,13,10,0,0,0
2014,Youzhnaya_guba,2,Sea,0.512,34.298,3,18,10,0,0,0
2014,Youzhnaya_guba,2,Sea,0.512,34.298,3,12,12,0,0,0
2014,Youzhnaya_guba,2,Sea,0.512,34.298,3,6,21,0,0,0
2014,Youzhnaya_guba,2,Land,0.512,34.298,1,2,25,0,0,0
2014,Youzhnaya_guba,2,Land,0.512,34.298,1,24,25,0,0,0
2014,Youzhnaya_guba,2,Land,0.512,34.298,1,7,30,0,0,0
2014,Youzhnaya_guba,2,Land,0.512,34.298,2,21,32,0,0,0
2014,Youzhnaya_guba,2,Land,0.512,34.298,2,1,25,0,0,0
2014,Youzhnaya_guba,2,Land,0.512,34.298,2,10,36,0,0,0
2014,Youzhnaya_guba,2,Land,0.512,34.298,3,2,12,0,0,0
2014,Youzhnaya_guba,2,Land,0.512,34.298,3,4,14,0,0,0
2014,Youzhnaya_guba,2,Land,0.512,34.298,3,7,25,0,0,0
2014,Youzhnaya_guba,3,Sea,0.509,34.287,1,4,16,0,0,0
2014,Youzhnaya_guba,3,Sea,0.509,34.287,1,1,15,0,0,0
2014,Youzhnaya_guba,3,Sea,0.509,34.287,1,11,19,0,0,0
2014,Youzhnaya_guba,3,Sea,0.509,34.287,2,12,23,0,0,0
2014,Youzhnaya_guba,3,Sea,0.509,34.287,2,7,18,0,0,0
2014,Youzhnaya_guba,3,Sea,0.509,34.287,2,4,28,0,0,0
2014,Youzhnaya_guba,3,Sea,0.509,34.287,3,12,32,0,0,0
2014,Youzhnaya_guba,3,Sea,0.509,34.287,3,11,31,0,0,0
2014,Youzhnaya_guba,3,Sea,0.509,34.287,3,15,29,0,1,0
2014,Youzhnaya_guba,3,Land,0.509,34.287,1,22,18,0,0,0
2014,Youzhnaya_guba,3,Land,0.509,34.287,1,20,16,0,0,0
2014,Youzhnaya_guba,3,Land,0.509,34.287,1,3,16,0,0,0
2014,Youzhnaya_guba,3,Land,0.509,34.287,2,20,7,0,0,0
2014,Youzhnaya_guba,3,Land,0.509,34.287,2,4,32,0,0,0
2014,Youzhnaya_guba,3,Land,0.509,34.287,2,11,26,0,0,0
2014,Youzhnaya_guba,3,Land,0.509,34.287,3,23,26,0,0,0
2014,Youzhnaya_guba,3,Land,0.509,34.287,3,22,25,0,0,0
2014,Youzhnaya_guba,3,Land,0.509,34.287,3,7,16,0,0,0
2015,Youzhnaya_guba,1,Land,0.484,34.219,1,5,13,0,9,1
2015,Youzhnaya_guba,1,Land,0.484,34.219,1,17,7,3,4,0
2015,Youzhnaya_guba,1,Land,0.484,34.219,1,7,9,0,9,0
2015,Youzhnaya_guba,1,Land,0.484,34.219,2,13,14,1,6,0
2015,Youzhnaya_guba,1,Land,0.484,34.219,2,24,5,0,12,0
2015,Youzhnaya_guba,1,Land,0.484,34.219,2,8,21,0,3,0
2015,Youzhnaya_guba,1,Land,0.484,34.219,3,1,3,1,16,0
2015,Youzhnaya_guba,1,Land,0.484,34.219,3,13,12,1,9,0
2015,Youzhnaya_guba,1,Land,0.484,34.219,3,21,32,1,1,0
2015,Youzhnaya_guba,1,Sea,0.484,34.219,1,3,4,0,7,0
2015,Youzhnaya_guba,1,Sea,0.484,34.219,1,19,7,1,2,0
2015,Youzhnaya_guba,1,Sea,0.484,34.219,1,5,3,0,6,0
2015,Youzhnaya_guba,1,Sea,0.484,34.219,2,11,13,0,8,0
2015,Youzhnaya_guba,1,Sea,0.484,34.219,2,15,8,6,3,0
2015,Youzhnaya_guba,1,Sea,0.484,34.219,2,23,19,0,0,0
2015,Youzhnaya_guba,1,Sea,0.484,34.219,3,12,4,0,5,0
2015,Youzhnaya_guba,1,Sea,0.484,34.219,3,14,2,0,3,0
2015,Youzhnaya_guba,1,Sea,0.484,34.219,3,8,2,3,2,0
2015,Youzhnaya_guba,2,Land,0.479,34.216,1,9,9,0,1,0
2015,Youzhnaya_guba,2,Land,0.479,34.216,1,15,4,0,1,0
2015,Youzhnaya_guba,2,Land,0.479,34.216,1,6,5,0,5,0
2015,Youzhnaya_guba,2,Land,0.479,34.216,2,14,6,0,6,0
2015,Youzhnaya_guba,2,Land,0.479,34.216,2,3,4,0,3,1
2015,Youzhnaya_guba,2,Land,0.479,34.216,2,7,8,0,2,0
2015,Youzhnaya_guba,2,Land,0.479,34.216,3,25,3,0,3,0
2015,Youzhnaya_guba,2,Land,0.479,34.216,3,17,8,0,3,0
2015,Youzhnaya_guba,2,Land,0.479,34.216,3,1,11,0,10,1
2015,Youzhnaya_guba,2,Sea,0.479,34.216,1,2,10,0,2,0
2015,Youzhnaya_guba,2,Sea,0.479,34.216,1,10,11,0,0,0
2015,Youzhnaya_guba,2,Sea,0.479,34.216,1,20,8,0,4,0
2015,Youzhnaya_guba,2,Sea,0.479,34.216,2,6,10,0,0,0
2015,Youzhnaya_guba,2,Sea,0.479,34.216,2,15,5,0,1,0
2015,Youzhnaya_guba,2,Sea,0.479,34.216,2,23,10,0,2,0
2015,Youzhnaya_guba,2,Sea,0.479,34.216,3,17,4,0,2,0
2015,Youzhnaya_guba,2,Sea,0.479,34.216,3,11,9,1,6,0
2015,Youzhnaya_guba,2,Sea,0.479,34.216,3,5,9,0,2,0
2015,Youzhnaya_guba,3,Land,0.509,34.287,1,24,0,0,4,0
2015,Youzhnaya_guba,3,Land,0.509,34.287,1,7,2,0,5,0
2015,Youzhnaya_guba,3,Land,0.509,34.287,1,2,5,0,1,0
2015,Youzhnaya_guba,3,Land,0.509,34.287,2,4,0,0,1,0
2015,Youzhnaya_guba,3,Land,0.509,34.287,2,19,0,0,1,0
2015,Youzhnaya_guba,3,Land,0.509,34.287,2,10,0,0,1,2
2015,Youzhnaya_guba,3,Land,0.509,34.287,3,14,6,0,2,0
2015,Youzhnaya_guba,3,Land,0.509,34.287,3,6,1,0,3,0
2015,Youzhnaya_guba,3,Land,0.509,34.287,3,25,2,1,0,0
2015,Youzhnaya_guba,3,Sea,0.509,34.287,1,2,4,0,2,0
2015,Youzhnaya_guba,3,Sea,0.509,34.287,1,15,7,0,0,0
2015,Youzhnaya_guba,3,Sea,0.509,34.287,1,20,5,0,0,0
2015,Youzhnaya_guba,3,Sea,0.509,34.287,2,10,1,0,2,0
2015,Youzhnaya_guba,3,Sea,0.509,34.287,2,16,4,0,1,0
2015,Youzhnaya_guba,3,Sea,0.509,34.287,2,5,1,0,1,0
2015,Youzhnaya_guba,3,Sea,0.509,34.287,3,11,5,0,0,1
2015,Youzhnaya_guba,3,Sea,0.509,34.287,3,23,3,0,0,0
2015,Youzhnaya_guba,3,Sea,0.509,34.287,3,6,8,0,0,0
2015,Severnaya_guba,1,Land,1.497,32.508,1,7,31,0,1,0
2015,Severnaya_guba,1,Land,1.497,32.508,1,22,8,1,10,1
2015,Severnaya_guba,1,Land,1.497,32.508,1,10,4,0,14,0
2015,Severnaya_guba,1,Land,1.497,32.508,2,3,10,1,4,4
2015,Severnaya_guba,1,Land,1.497,32.508,2,20,33,0,1,0
2015,Severnaya_guba,1,Land,1.497,32.508,2,16,12,0,8,1
2015,Severnaya_guba,1,Land,1.497,32.508,3,23,20,0,7,0
2015,Severnaya_guba,1,Land,1.497,32.508,3,4,28,0,0,0
2015,Severnaya_guba,1,Land,1.497,32.508,3,17,16,0,11,0
2015,Severnaya_guba,1,Sea,1.497,32.508,1,5,22,0,0,0
2015,Severnaya_guba,1,Sea,1.497,32.508,1,13,35,0,0,0
2015,Severnaya_guba,1,Sea,1.497,32.508,1,1,18,0,0,0
2015,Severnaya_guba,1,Sea,1.497,32.508,2,9,16,0,6,0
2015,Severnaya_guba,1,Sea,1.497,32.508,2,21,14,2,0,0
2015,Severnaya_guba,1,Sea,1.497,32.508,2,14,18,0,3,0
2015,Severnaya_guba,1,Sea,1.497,32.508,3,10,29,0,3,0
2015,Severnaya_guba,1,Sea,1.497,32.508,3,7,5,0,13,0
2015,Severnaya_guba,1,Sea,1.497,32.508,3,19,19,0,5,0
2015,Severnaya_guba,2,Land,1.506,32.5,1,3,27,0,2,1
2015,Severnaya_guba,2,Land,1.506,32.5,1,16,28,0,1,0
2015,Severnaya_guba,2,Land,1.506,32.5,1,10,22,1,4,0
2015,Severnaya_guba,2,Land,1.506,32.5,2,20,9,0,7,0
2015,Severnaya_guba,2,Land,1.506,32.5,2,11,33,0,1,0
2015,Severnaya_guba,2,Land,1.506,32.5,2,7,27,0,1,0
2015,Severnaya_guba,2,Land,1.506,32.5,3,4,33,0,0,0
2015,Severnaya_guba,2,Land,1.506,32.5,3,13,20,1,0,0
2015,Severnaya_guba,2,Land,1.506,32.5,3,24,24,1,0,0
2015,Severnaya_guba,2,Sea,1.506,32.5,1,5,21,0,1,0
2015,Severnaya_guba,2,Sea,1.506,32.5,1,17,17,0,5,0
2015,Severnaya_guba,2,Sea,1.506,32.5,1,2,23,0,4,0
2015,Severnaya_guba,2,Sea,1.506,32.5,2,23,17,1,7,0
2015,Severnaya_guba,2,Sea,1.506,32.5,2,22,15,1,7,0
2015,Severnaya_guba,2,Sea,1.506,32.5,2,15,22,0,6,0
2015,Severnaya_guba,2,Sea,1.506,32.5,3,20,25,1,2,0
2015,Severnaya_guba,2,Sea,1.506,32.5,3,4,21,1,0,0
2015,Severnaya_guba,2,Sea,1.506,32.5,3,9,23,0,9,0
2015,Severnaya_guba,3,Land,1.506,32.524,1,9,13,1,9,0
2015,Severnaya_guba,3,Land,1.506,32.524,1,10,26,0,3,0
2015,Severnaya_guba,3,Land,1.506,32.524,1,16,23,0,0,0
2015,Severnaya_guba,3,Land,1.506,32.524,2,11,18,0,4,0
2015,Severnaya_guba,3,Land,1.506,32.524,2,23,14,0,3,0
2015,Severnaya_guba,3,Land,1.506,32.524,2,17,14,0,5,0
2015,Severnaya_guba,3,Land,1.506,32.524,3,5,9,0,7,0
2015,Severnaya_guba,3,Land,1.506,32.524,3,4,18,0,6,0
2015,Severnaya_guba,3,Land,1.506,32.524,3,13,14,0,3,0
2015,Severnaya_guba,3,Sea,1.506,32.524,1,14,38,0,0,0
2015,Severnaya_guba,3,Sea,1.506,32.524,1,22,28,0,2,0
2015,Severnaya_guba,3,Sea,1.506,32.524,1,15,21,1,2,0
2015,Severnaya_guba,3,Sea,1.506,32.524,2,4,23,0,2,1
2015,Severnaya_guba,3,Sea,1.506,32.524,2,16,27,0,0,0
2015,Severnaya_guba,3,Sea,1.506,32.524,2,10,22,1,0,0
2015,Severnaya_guba,3,Sea,1.506,32.524,3,5,24,0,0,0
2015,Severnaya_guba,3,Sea,1.506,32.524,3,3,17,0,4,1
2015,Severnaya_guba,3,Sea,1.506,32.524,3,21,21,0,1,0
2015,East_site,1,Land,1.221,34.195,1,2,1,0,5,0
2015,East_site,1,Land,1.221,34.195,1,16,3,0,4,0
2015,East_site,1,Land,1.221,34.195,1,20,1,0,1,0
2015,East_site,1,Land,1.221,34.195,2,1,18,1,0,0
2015,East_site,1,Land,1.221,34.195,2,13,0,0,16,2
2015,East_site,1,Land,1.221,34.195,2,15,11,2,1,0
2015,East_site,1,Land,1.221,34.195,3,4,3,1,6,0
2015,East_site,1,Land,1.221,34.195,3,8,6,0,11,0
2015,East_site,1,Land,1.221,34.195,3,11,5,0,9,0
2015,East_site,1,Sea,1.221,34.195,1,4,8,0,6,0
2015,East_site,1,Sea,1.221,34.195,1,7,13,1,7,0
2015,East_site,1,Sea,1.221,34.195,1,14,13,0,1,0
2015,East_site,1,Sea,1.221,34.195,2,15,7,0,6,0
2015,East_site,1,Sea,1.221,34.195,2,17,0,0,10,0
2015,East_site,1,Sea,1.221,34.195,2,20,8,0,9,0
2015,East_site,1,Sea,1.221,34.195,3,3,12,0,0,0
2015,East_site,1,Sea,1.221,34.195,3,10,6,1,3,0
2015,East_site,1,Sea,1.221,34.195,3,19,9,0,7,0
2015,East_site,2,Land,1.225,34.183,1,1,7,0,3,0
2015,East_site,2,Land,1.225,34.183,1,7,0,0,5,3
2015,East_site,2,Land,1.225,34.183,1,18,5,0,12,1
2015,East_site,2,Land,1.225,34.183,2,5,15,0,0,0
2015,East_site,2,Land,1.225,34.183,2,9,15,0,7,2
2015,East_site,2,Land,1.225,34.183,2,12,0,0,12,0
2015,East_site,2,Land,1.225,34.183,3,4,5,0,11,1
2015,East_site,2,Land,1.225,34.183,3,11,4,0,5,0
2015,East_site,2,Land,1.225,34.183,3,25,5,0,0,0
2015,East_site,2,Sea,1.225,34.183,1,6,0,0,3,1
2015,East_site,2,Sea,1.225,34.183,1,12,15,0,5,3
2015,East_site,2,Sea,1.225,34.183,1,23,5,0,7,2
2015,East_site,2,Sea,1.225,34.183,2,8,7,0,9,0
2015,East_site,2,Sea,1.225,34.183,2,17,10,0,8,0
2015,East_site,2,Sea,1.225,34.183,2,24,2,0,11,0
2015,East_site,2,Sea,1.225,34.183,3,1,6,0,0,0
2015,East_site,2,Sea,1.225,34.183,3,10,0,0,9,1
2015,East_site,2,Sea,1.225,34.183,3,20,15,0,3,0
2015,East_site,3,Land,1.228,34.18,1,21,29,0,1,0
2015,East_site,3,Land,1.228,34.18,1,22,29,0,0,0
2015,East_site,3,Land,1.228,34.18,1,25,25,1,0,0
2015,East_site,3,Land,1.228,34.18,2,16,15,0,0,1
2015,East_site,3,Land,1.228,34.18,2,21,23,0,1,0
2015,East_site,3,Land,1.228,34.18,2,24,30,1,0,0
2015,East_site,3,Land,1.228,34.18,3,2,32,0,2,0
2015,East_site,3,Land,1.228,34.18,3,14,0,0,13,1
2015,East_site,3,Land,1.228,34.18,3,20,10,0,12,0
2015,East_site,3,Sea,1.228,34.18,1,7,10,0,0,0
2015,East_site,3,Sea,1.228,34.18,1,19,13,0,6,1
2015,East_site,3,Sea,1.228,34.18,1,24,30,0,0,0
2015,East_site,3,Sea,1.228,34.18,2,9,19,2,2,0
2015,East_site,3,Sea,1.228,34.18,2,10,15,1,3,1
2015,East_site,3,Sea,1.228,34.18,2,20,27,0,3,0
2015,East_site,3,Sea,1.228,34.18,3,5,36,0,0,0
2015,East_site,3,Sea,1.228,34.18,3,14,33,0,0,0
2015,East_site,3,Sea,1.228,34.18,3,24,35,0,0,0
2015,West_site,1,Land,0.702,32.748,1,5,13,0,7,1
2015,West_site,1,Land,0.702,32.748,1,11,36,0,0,0
2015,West_site,1,Land,0.702,32.748,1,20,29,0,4,0
2015,West_site,1,Land,0.702,32.748,2,19,33,0,1,0
2015,West_site,1,Land,0.702,32.748,2,8,23,1,0,0
2015,West_site,1,Land,0.702,32.748,2,6,31,0,3,0
2015,West_site,1,Land,0.702,32.748,3,11,14,0,8,0
2015,West_site,1,Land,0.702,32.748,3,5,22,0,2,0
2015,West_site,1,Land,0.702,32.748,3,7,21,1,0,1
2015,West_site,1,Sea,0.702,32.748,1,6,30,0,0,0
2015,West_site,1,Sea,0.702,32.748,1,8,22,0,0,0
2015,West_site,1,Sea,0.702,32.748,1,15,13,1,5,0
2015,West_site,1,Sea,0.702,32.748,2,11,28,0,0,0
2015,West_site,1,Sea,0.702,32.748,2,16,13,1,5,0
2015,West_site,1,Sea,0.702,32.748,2,7,29,1,0,0
2015,West_site,1,Sea,0.702,32.748,3,22,21,0,3,1
2015,West_site,1,Sea,0.702,32.748,3,3,19,0,0,0
2015,West_site,1,Sea,0.702,32.748,3,20,14,0,12,0
2015,West_site,2,Land,0.705,32.73,1,5,16,0,12,0
2015,West_site,2,Land,0.705,32.73,1,10,14,0,15,0
2015,West_site,2,Land,0.705,32.73,1,3,6,1,18,0
2015,West_site,2,Land,0.705,32.73,2,11,4,0,10,1
2015,West_site,2,Land,0.705,32.73,2,16,3,0,19,1
2015,West_site,2,Land,0.705,32.73,2,2,0,0,23,2
2015,West_site,2,Land,0.705,32.73,3,4,9,0,14,0
2015,West_site,2,Land,0.705,32.73,3,8,23,0,7,0
2015,West_site,2,Land,0.705,32.73,3,12,8,0,0,0
2015,West_site,2,Sea,0.705,32.73,1,5,14,0,0,0
2015,West_site,2,Sea,0.705,32.73,1,10,22,0,0,0
2015,West_site,2,Sea,0.705,32.73,1,20,14,1,1,0
2015,West_site,2,Sea,0.705,32.73,2,6,18,0,5,0
2015,West_site,2,Sea,0.705,32.73,2,13,18,1,4,0
2015,West_site,2,Sea,0.705,32.73,2,18,32,0,2,0
2015,West_site,2,Sea,0.705,32.73,3,20,20,0,3,0
2015,West_site,2,Sea,0.705,32.73,3,7,10,0,7,0
2015,West_site,2,Sea,0.705,32.73,3,4,15,0,0,0
2015,West_site,3,Land,0.713,32.708,1,1,5,0,27,0
2015,West_site,3,Land,0.713,32.708,1,12,3,1,16,0
2015,West_site,3,Land,0.713,32.708,1,15,10,0,10,1
2015,West_site,3,Land,0.713,32.708,2,3,14,0,4,0
2015,West_site,3,Land,0.713,32.708,2,7,14,0,14,1
2015,West_site,3,Land,0.713,32.708,2,10,19,0,5,2
2015,West_site,3,Land,0.713,32.708,3,21,0,0,16,0
2015,West_site,3,Land,0.713,32.708,3,19,11,0,8,0
2015,West_site,3,Land,0.713,32.708,3,6,8,0,7,0
2015,West_site,3,Sea,0.713,32.708,1,6,4,0,18,1
2015,West_site,3,Sea,0.713,32.708,1,17,24,0,6,0
2015,West_site,3,Sea,0.713,32.708,1,3,4,1,18,1
2015,West_site,3,Sea,0.713,32.708,2,24,4,0,18,0
2015,West_site,3,Sea,0.713,32.708,2,2,4,0,15,0
2015,West_site,3,Sea,0.713,32.708,2,12,4,0,18,0
2015,West_site,3,Sea,0.713,32.708,3,7,10,1,14,0
2015,West_site,3,Sea,0.713,32.708,3,11,3,1,27,2
2015,West_site,3,Sea,0.713,32.708,3,21,0,0,17,0
2016,Youzhnaya_guba,1,Land,0.501,34.403,1,22,2,0,17,1
2016,Youzhnaya_guba,1,Land,0.501,34.403,1,14,22,2,4,0
2016,Youzhnaya_guba,1,Land,0.501,34.403,1,2,2,0,17,1
2016,Youzhnaya_guba,1,Land,0.501,34.403,2,2,5,0,17,0
2016,Youzhnaya_guba,1,Land,0.501,34.403,2,5,2,0,23,0
2016,Youzhnaya_guba,1,Land,0.501,34.403,2,25,0,0,15,2
2016,Youzhnaya_guba,1,Land,0.501,34.403,3,23,8,0,19,2
2016,Youzhnaya_guba,1,Land,0.501,34.403,3,24,4,0,26,1
2016,Youzhnaya_guba,1,Land,0.501,34.403,3,25,11,0,17,0
2016,Youzhnaya_guba,1,Sea,0.501,34.403,1,11,30,3,6,3
2016,Youzhnaya_guba,1,Sea,0.501,34.403,1,23,14,1,3,0
2016,Youzhnaya_guba,1,Sea,0.501,34.403,1,20,29,0,4,0
2016,Youzhnaya_guba,1,Sea,0.501,34.403,2,15,30,3,0,0
2016,Youzhnaya_guba,1,Sea,0.501,34.403,2,14,34,2,2,0
2016,Youzhnaya_guba,1,Sea,0.501,34.403,2,20,22,2,0,0
2016,Youzhnaya_guba,1,Sea,0.501,34.403,3,9,20,1,0,0
2016,Youzhnaya_guba,1,Sea,0.501,34.403,3,6,17,2,0,0
2016,Youzhnaya_guba,1,Sea,0.501,34.403,3,14,22,0,3,0
2016,Youzhnaya_guba,2,Land,0.503,34.345,1,14,15,0,1,0
2016,Youzhnaya_guba,2,Land,0.503,34.345,1,7,4,0,0,0
2016,Youzhnaya_guba,2,Land,0.503,34.345,1,23,16,0,0,0
2016,Youzhnaya_guba,2,Land,0.503,34.345,2,14,15,0,0,0
2016,Youzhnaya_guba,2,Land,0.503,34.345,2,1,13,0,0,0
2016,Youzhnaya_guba,2,Land,0.503,34.345,2,17,14,0,3,0
2016,Youzhnaya_guba,2,Land,0.503,34.345,3,1,18,2,1,1
2016,Youzhnaya_guba,2,Land,0.503,34.345,3,7,3,0,7,0
2016,Youzhnaya_guba,2,Land,0.503,34.345,3,17,14,1,0,0
2016,Youzhnaya_guba,2,Sea,0.503,34.345,1,11,20,0,0,0
2016,Youzhnaya_guba,2,Sea,0.503,34.345,1,6,14,0,1,0
2016,Youzhnaya_guba,2,Sea,0.503,34.345,1,25,6,0,11,0
2016,Youzhnaya_guba,2,Sea,0.503,34.345,2,5,4,0,1,0
2016,Youzhnaya_guba,2,Sea,0.503,34.345,2,2,4,0,8,0
2016,Youzhnaya_guba,2,Sea,0.503,34.345,2,7,11,0,2,0
2016,Youzhnaya_guba,2,Sea,0.503,34.345,3,4,3,0,20,0
2016,Youzhnaya_guba,2,Sea,0.503,34.345,3,21,13,0,3,1
2016,Youzhnaya_guba,2,Sea,0.503,34.345,3,23,12,0,8,0
2016,Youzhnaya_guba,3,Land,0.487,34.319,1,19,5,0,5,1
2016,Youzhnaya_guba,3,Land,0.487,34.319,1,21,1,0,20,0
2016,Youzhnaya_guba,3,Land,0.487,34.319,1,11,4,0,8,0
2016,Youzhnaya_guba,3,Land,0.487,34.319,2,25,1,2,18,0
2016,Youzhnaya_guba,3,Land,0.487,34.319,2,15,2,0,16,0
2016,Youzhnaya_guba,3,Land,0.487,34.319,2,9,0,0,15,0
2016,Youzhnaya_guba,3,Land,0.487,34.319,3,12,19,0,0,0
2016,Youzhnaya_guba,3,Land,0.487,34.319,3,14,3,0,13,0
2016,Youzhnaya_guba,3,Land,0.487,34.319,3,3,14,1,4,0
2016,Youzhnaya_guba,3,Sea,0.487,34.319,1,12,0,0,1,0
2016,Youzhnaya_guba,3,Sea,0.487,34.319,1,10,12,0,1,0
2016,Youzhnaya_guba,3,Sea,0.487,34.319,1,2,0,0,2,0
2016,Youzhnaya_guba,3,Sea,0.487,34.319,2,2,8,0,1,0
2016,Youzhnaya_guba,3,Sea,0.487,34.319,2,18,14,0,0,0
2016,Youzhnaya_guba,3,Sea,0.487,34.319,2,14,12,1,0,0
2016,Youzhnaya_guba,3,Sea,0.487,34.319,3,16,7,0,2,0
2016,Youzhnaya_guba,3,Sea,0.487,34.319,3,18,0,0,19,0
2016,Youzhnaya_guba,3,Sea,0.487,34.319,3,12,3,0,8,0
2016,West_site,1,Land,0.456,33.287,1,12,5,0,5,0
2016,West_site,1,Land,0.456,33.287,1,17,4,0,8,0
2016,West_site,1,Land,0.456,33.287,1,4,5,0,10,0
2016,West_site,1,Land,0.456,33.287,2,1,10,0,0,0
2016,West_site,1,Land,0.456,33.287,2,22,3,0,11,0
2016,West_site,1,Land,0.456,33.287,2,19,5,0,8,0
2016,West_site,1,Land,0.456,33.287,3,3,7,1,5,0
2016,West_site,1,Land,0.456,33.287,3,23,16,0,6,0
2016,West_site,1,Land,0.456,33.287,3,16,7,0,0,0
2016,West_site,1,Sea,0.456,33.287,1,24,3,2,3,0
2016,West_site,1,Sea,0.456,33.287,1,7,3,0,8,0
2016,West_site,1,Sea,0.456,33.287,1,11,4,0,2,0
2016,West_site,1,Sea,0.456,33.287,2,18,4,0,5,0
2016,West_site,1,Sea,0.456,33.287,2,20,7,0,13,0
2016,West_site,1,Sea,0.456,33.287,2,9,5,0,8,0
2016,West_site,1,Sea,0.456,33.287,3,14,2,1,8,0
2016,West_site,1,Sea,0.456,33.287,3,2,0,0,0,0
2016,West_site,1,Sea,0.456,33.287,3,15,4,0,4,0
2016,West_site,2,Land,0.443,33.311,1,22,0,0,8,0
2016,West_site,2,Land,0.443,33.311,1,1,13,0,0,0
2016,West_site,2,Land,0.443,33.311,1,11,5,0,10,0
2016,West_site,2,Land,0.443,33.311,2,16,0,0,21,0
2016,West_site,2,Land,0.443,33.311,2,10,7,0,0,0
2016,West_site,2,Land,0.443,33.311,2,8,4,0,0,0
2016,West_site,2,Land,0.443,33.311,3,17,14,0,3,0
2016,West_site,2,Land,0.443,33.311,3,24,0,0,13,0
2016,West_site,2,Land,0.443,33.311,3,19,11,0,5,0
2016,West_site,2,Sea,0.443,33.311,1,21,17,0,0,0
2016,West_site,2,Sea,0.443,33.311,1,12,2,0,21,0
2016,West_site,2,Sea,0.443,33.311,1,2,11,0,4,0
2016,West_site,2,Sea,0.443,33.311,2,13,23,0,5,0
2016,West_site,2,Sea,0.443,33.311,2,7,18,2,4,0
2016,West_site,2,Sea,0.443,33.311,2,14,17,0,14,1
2016,West_site,2,Sea,0.443,33.311,3,1,0,0,14,0
2016,West_site,2,Sea,0.443,33.311,3,22,3,0,8,0
2016,West_site,2,Sea,0.443,33.311,3,13,8,0,11,0
2016,West_site,3,Land,0.438,33.32,1,10,30,4,0,0
2016,West_site,3,Land,0.438,33.32,1,20,27,1,0,0
2016,West_site,3,Land,0.438,33.32,1,6,31,0,1,0
2016,West_site,3,Land,0.438,33.32,2,23,25,0,0,0
2016,West_site,3,Land,0.438,33.32,2,13,13,0,7,0
2016,West_site,3,Land,0.438,33.32,2,19,23,0,1,0
2016,West_site,3,Land,0.438,33.32,3,24,5,0,12,0
2016,West_site,3,Land,0.438,33.32,3,13,9,0,5,1
2016,West_site,3,Land,0.438,33.32,3,19,17,0,7,0
2016,West_site,3,Sea,0.438,33.32,1,9,8,0,7,0
2016,West_site,3,Sea,0.438,33.32,1,23,4,0,12,0
2016,West_site,3,Sea,0.438,33.32,1,2,4,0,12,0
2016,West_site,3,Sea,0.438,33.32,2,18,5,0,13,0
2016,West_site,3,Sea,0.438,33.32,2,3,6,0,19,0
2016,West_site,3,Sea,0.438,33.32,2,15,4,0,19,0
2016,West_site,3,Sea,0.438,33.32,3,25,2,0,18,1
2016,West_site,3,Sea,0.438,33.32,3,3,5,0,23,0
2016,West_site,3,Sea,0.438,33.32,3,11,9,0,18,0
2016,Severnaya_guba,1,Land,1.509,32.493,1,6,20,0,0,0
2016,Severnaya_guba,1,Land,1.509,32.493,1,17,17,0,0,0
2016,Severnaya_guba,1,Land,1.509,32.493,1,20,6,0,0,0
2016,Severnaya_guba,1,Land,1.509,32.493,2,18,9,0,0,0
2016,Severnaya_guba,1,Land,1.509,32.493,2,20,25,0,0,0
2016,Severnaya_guba,1,Land,1.509,32.493,2,21,9,0,0,0
2016,Severnaya_guba,1,Land,1.509,32.493,3,19,10,0,0,0
2016,Severnaya_guba,1,Land,1.509,32.493,3,13,11,0,0,0
2016,Severnaya_guba,1,Land,1.509,32.493,3,15,23,0,0,0
2016,Severnaya_guba,1,Sea,1.509,32.493,1,20,15,0,0,0
2016,Severnaya_guba,1,Sea,1.509,32.493,1,13,20,0,0,0
2016,Severnaya_guba,1,Sea,1.509,32.493,1,12,18,0,0,0
2016,Severnaya_guba,1,Sea,1.509,32.493,2,9,22,0,0,0
2016,Severnaya_guba,1,Sea,1.509,32.493,2,18,34,0,0,0
2016,Severnaya_guba,1,Sea,1.509,32.493,2,10,27,0,0,0
2016,Severnaya_guba,1,Sea,1.509,32.493,3,24,31,0,0,0
2016,Severnaya_guba,1,Sea,1.509,32.493,3,12,20,0,0,0
2016,Severnaya_guba,1,Sea,1.509,32.493,3,3,26,0,  ,0
2016,Severnaya_guba,2,Land,1.512,32.443,1,21,12,0,1,0
2016,Severnaya_guba,2,Land,1.512,32.443,1,6,13,0,1,0
2016,Severnaya_guba,2,Land,1.512,32.443,1,24,5,0,0,0
2016,Severnaya_guba,2,Land,1.512,32.443,2,15,16,0,0,0
2016,Severnaya_guba,2,Land,1.512,32.443,2,16,14,0,5,0
2016,Severnaya_guba,2,Land,1.512,32.443,2,22,10,0,6,0
2016,Severnaya_guba,2,Land,1.512,32.443,3,21,5,0,10,0
2016,Severnaya_guba,2,Land,1.512,32.443,3,25,6,0,9,0
2016,Severnaya_guba,2,Land,1.512,32.443,3,14,12,0,2,0
2016,Severnaya_guba,2,Sea,1.512,32.443,1,1,17,0,0,0
2016,Severnaya_guba,2,Sea,1.512,32.443,1,6,18,0,0,0
2016,Severnaya_guba,2,Sea,1.512,32.443,1,15,13,0,0,0
2016,Severnaya_guba,2,Sea,1.512,32.443,2,10,10,0,0,0
2016,Severnaya_guba,2,Sea,1.512,32.443,2,18,16,0,0,0
2016,Severnaya_guba,2,Sea,1.512,32.443,2,6,12,0,0,0
2016,Severnaya_guba,2,Sea,1.512,32.443,3,8,6,0,0,0
2016,Severnaya_guba,2,Sea,1.512,32.443,3,23,7,0,0,0
2016,Severnaya_guba,2,Sea,1.512,32.443,3,9,11,0,0,0
2016,Severnaya_guba,3,Land,1.507,32.424,1,9,0,0,4,0
2016,Severnaya_guba,3,Land,1.507,32.424,1,16,0,0,0,0
2016,Severnaya_guba,3,Land,1.507,32.424,1,25,0,0,5,0
2016,Severnaya_guba,3,Land,1.507,32.424,2,2,0,0,11,0
2016,Severnaya_guba,3,Land,1.507,32.424,2,14,0,0,5,0
2016,Severnaya_guba,3,Land,1.507,32.424,2,20,0,0,0,0
2016,Severnaya_guba,3,Land,1.507,32.424,3,7,2,0,0,0
2016,Severnaya_guba,3,Land,1.507,32.424,3,3,1,0,0,0
2016,Severnaya_guba,3,Land,1.507,32.424,3,25,2,0,0,0
2016,Severnaya_guba,3,Sea,1.507,32.424,1,7,12,0,0,0
2016,Severnaya_guba,3,Sea,1.507,32.424,1,4,3,0,0,0
2016,Severnaya_guba,3,Sea,1.507,32.424,1,11,2,0,5,0
2016,Severnaya_guba,3,Sea,1.507,32.424,2,25,15,0,5,0
2016,Severnaya_guba,3,Sea,1.507,32.424,2,9,12,0,0,0
2016,Severnaya_guba,3,Sea,1.507,32.424,2,4,18,0,0,0
2016,Severnaya_guba,3,Sea,1.507,32.424,3,5,13,0,3,0
2016,Severnaya_guba,3,Sea,1.507,32.424,3,13,7,0,0,0
2016,Severnaya_guba,3,Sea,1.507,32.424,3,14,10,0,1,0
2016,East_site,1,Land,0.796,35.159,1,1,0,0,14,0
2016,East_site,1,Land,0.796,35.159,1,24,7,0,18,0
2016,East_site,1,Land,0.796,35.159,1,16,0,0,18,0
2016,East_site,1,Land,0.796,35.159,2,5,0,0,16,0
2016,East_site,1,Land,0.796,35.159,2,14,3,0,23,0
2016,East_site,1,Land,0.796,35.159,2,22,23,0,0,0
2016,East_site,1,Land,0.796,35.159,3,4,20,0,4,0
2016,East_site,1,Land,0.796,35.159,3,15,23,0,6,0
2016,East_site,1,Land,0.796,35.159,3,25,10,0,10,0
2016,East_site,1,Sea,0.796,35.159,1,23,2,0,4,0
2016,East_site,1,Sea,0.796,35.159,1,18,1,0,0,0
2016,East_site,1,Sea,0.796,35.159,1,5,3,0,8,0
2016,East_site,1,Sea,0.796,35.159,2,17,0,0,21,0
2016,East_site,1,Sea,0.796,35.159,2,3,4,1,17,0
2016,East_site,1,Sea,0.796,35.159,2,14,2,0,26,0
2016,East_site,1,Sea,0.796,35.159,3,2,0,0,12,0
2016,East_site,1,Sea,0.796,35.159,3,6,1,0,13,0
2016,East_site,1,Sea,0.796,35.159,3,10,0,0,7,0
2016,East_site,2,Land,0.9,35.117,1,15,13,0,0,0
2016,East_site,2,Land,0.9,35.117,1,16,21,0,3,0
2016,East_site,2,Land,0.9,35.117,1,3,25,0,0,0
2016,East_site,2,Land,0.9,35.117,2,10,30,0,0,0
2016,East_site,2,Land,0.9,35.117,2,20,23,0,3,0
2016,East_site,2,Land,0.9,35.117,2,8,21,0,0,0
2016,East_site,2,Land,0.9,35.117,3,2,14,0,10,0
2016,East_site,2,Land,0.9,35.117,3,4,13,0,3,0
2016,East_site,2,Land,0.9,35.117,3,6,14,0,0,0
2016,East_site,2,Sea,0.9,35.117,1,7,13,0,0,0
2016,East_site,2,Sea,0.9,35.117,1,21,0,0,0,0
2016,East_site,2,Sea,0.9,35.117,1,12,10,0,0,0
2016,East_site,2,Sea,0.9,35.117,2,16,7,0,0,0
2016,East_site,2,Sea,0.9,35.117,2,18,15,0,0,0
2016,East_site,2,Sea,0.9,35.117,2,3,15,0,0,0
2016,East_site,2,Sea,0.9,35.117,3,1,11,0,0,0
2016,East_site,2,Sea,0.9,35.117,3,9,17,0,0,0
2016,East_site,2,Sea,0.9,35.117,3,14,22,0,0,0
2016,East_site,3,Land,0.902,35.118,1,17,11,0,0,0
2016,East_site,3,Land,0.902,35.118,1,18,10,0,0,0
2016,East_site,3,Land,0.902,35.118,1,20,8,0,0,0
2016,East_site,3,Land,0.902,35.118,2,7,11,0,0,0
2016,East_site,3,Land,0.902,35.118,2,23,2,0,0,0
2016,East_site,3,Land,0.902,35.118,2,19,0,0,0,0
2016,East_site,3,Land,0.902,35.118,3,3,19,2,0,0
2016,East_site,3,Land,0.902,35.118,3,9,15,1,1,0
2016,East_site,3,Land,0.902,35.118,3,13,17,0,1,0
2016,East_site,3,Sea,0.902,35.118,1,10,0,0,2,0
2016,East_site,3,Sea,0.902,35.118,1,17,0,0,0,2
2016,East_site,3,Sea,0.902,35.118,1,25,20,0,0,0
2016,East_site,3,Sea,0.902,35.118,2,1,17,0,0,0
2016,East_site,3,Sea,0.902,35.118,2,12,4,0,7,0
2016,East_site,3,Sea,0.902,35.118,2,5,0,0,13,2
2016,East_site,3,Sea,0.902,35.118,3,7,30,0,3,0
2016,East_site,3,Sea,0.902,35.118,3,9,0,0,22,3
2016,East_site,3,Sea,0.902,35.118,3,11,21,0,0,0
2017,Youzhnaya_guba,1,Land,0.484,34.219,1,6,0,0,1,0
2017,Youzhnaya_guba,1,Land,0.484,34.219,1,3,0,0,0,0
2017,Youzhnaya_guba,1,Land,0.484,34.219,1,1,0,0,2,0
2017,Youzhnaya_guba,1,Land,0.484,34.219,2,14,1,0,2,0
2017,Youzhnaya_guba,1,Land,0.484,34.219,2,18,2,0,0,0
2017,Youzhnaya_guba,1,Land,0.484,34.219,2,23,0,0,0,0
2017,Youzhnaya_guba,1,Land,0.484,34.219,3,13,0,0,0,0
2017,Youzhnaya_guba,1,Land,0.484,34.219,3,19,0,0,2,0
2017,Youzhnaya_guba,1,Land,0.484,34.219,3,3,0,0,1,0
2017,Youzhnaya_guba,1,Sea,0.484,34.219,1,25,0,0,14,0
2017,Youzhnaya_guba,1,Sea,0.484,34.219,1,19,0,0,13,0
2017,Youzhnaya_guba,1,Sea,0.484,34.219,1,17,0,0,13,0
2017,Youzhnaya_guba,1,Sea,0.484,34.219,2,23,4,0,4,3
2017,Youzhnaya_guba,1,Sea,0.484,34.219,2,7,0,0,8,0
2017,Youzhnaya_guba,1,Sea,0.484,34.219,2,4,0,0,0,0
2017,Youzhnaya_guba,1,Sea,0.484,34.219,3,17,0,0,17,1
2017,Youzhnaya_guba,1,Sea,0.484,34.219,3,7,0,0,12,0
2017,Youzhnaya_guba,1,Sea,0.484,34.219,3,4,0,0,3,0
2017,Youzhnaya_guba,2,Land,0.479,34.216,1,6,8,0,0,0
2017,Youzhnaya_guba,2,Land,0.479,34.216,1,3,6,0,10,1
2017,Youzhnaya_guba,2,Land,0.479,34.216,1,12,3,0,0,0
2017,Youzhnaya_guba,2,Land,0.479,34.216,2,25,1,0,13,0
2017,Youzhnaya_guba,2,Land,0.479,34.216,2,11,0,0,12,1
2017,Youzhnaya_guba,2,Land,0.479,34.216,2,3,0,0,12,2
2017,Youzhnaya_guba,2,Land,0.479,34.216,3,11,1,0,9,0
2017,Youzhnaya_guba,2,Land,0.479,34.216,3,9,10,0,0,0
2017,Youzhnaya_guba,2,Land,0.479,34.216,3,4,3,0,3,0
2017,Youzhnaya_guba,2,Sea,0.479,34.216,1,18,4,0,5,0
2017,Youzhnaya_guba,2,Sea,0.479,34.216,1,19,6,0,11,0
2017,Youzhnaya_guba,2,Sea,0.479,34.216,1,12,0,0,12,0
2017,Youzhnaya_guba,2,Sea,0.479,34.216,2,7,4,0,2,0
2017,Youzhnaya_guba,2,Sea,0.479,34.216,2,16,1,0,3,0
2017,Youzhnaya_guba,2,Sea,0.479,34.216,2,13,12,0,0,0
2017,Youzhnaya_guba,2,Sea,0.479,34.216,3,11,3,0,7,0
2017,Youzhnaya_guba,2,Sea,0.479,34.216,3,10,7,0,5,0
2017,Youzhnaya_guba,2,Sea,0.479,34.216,3,15,0,0,14,1
2017,Youzhnaya_guba,3,Land,0.509,34.287,1,24,0,0,6,0
2017,Youzhnaya_guba,3,Land,0.509,34.287,1,23,11,0,0,0
2017,Youzhnaya_guba,3,Land,0.509,34.287,1,2,8,0,0,0
2017,Youzhnaya_guba,3,Land,0.509,34.287,2,13,8,0,0,0
2017,Youzhnaya_guba,3,Land,0.509,34.287,2,12,9,0,0,0
2017,Youzhnaya_guba,3,Land,0.509,34.287,2,15,10,0,0,0
2017,Youzhnaya_guba,3,Land,0.509,34.287,3,14,8,0,1,0
2017,Youzhnaya_guba,3,Land,0.509,34.287,3,17,8,0,1,0
2017,Youzhnaya_guba,3,Land,0.509,34.287,3,16,0,0,0,0
2017,Youzhnaya_guba,3,Sea,0.509,34.287,1,22,0,0,6,0
2017,Youzhnaya_guba,3,Sea,0.509,34.287,1,16,0,0,4,0
2017,Youzhnaya_guba,3,Sea,0.509,34.287,1,5,4,0,0,0
2017,Youzhnaya_guba,3,Sea,0.509,34.287,2,23,9,0,0,0
2017,Youzhnaya_guba,3,Sea,0.509,34.287,2,6,5,0,0,0
2017,Youzhnaya_guba,3,Sea,0.509,34.287,2,19,6,0,0,0
2017,Youzhnaya_guba,3,Sea,0.509,34.287,3,23,11,0,0,0
2017,Youzhnaya_guba,3,Sea,0.509,34.287,3,24,5,0,0,0
2017,Youzhnaya_guba,3,Sea,0.509,34.287,3,4,4,0,0,0
2017,Severnaya_guba,1,Land,1.497,32.508,1,1,2,0,0,0
2017,Severnaya_guba,1,Land,1.497,32.508,1,17,8,0,0,0
2017,Severnaya_guba,1,Land,1.497,32.508,1,16,0,0,10,0
2017,Severnaya_guba,1,Land,1.497,32.508,2,6,0,0,0,0
2017,Severnaya_guba,1,Land,1.497,32.508,2,15,5,0,2,0
2017,Severnaya_guba,1,Land,1.497,32.508,2,24,0,0,5,0
2017,Severnaya_guba,1,Land,1.497,32.508,3,3,5,0,3,0
2017,Severnaya_guba,1,Land,1.497,32.508,3,11,0,0,2,0
2017,Severnaya_guba,1,Land,1.497,32.508,3,25,0,0,4,1
2017,Severnaya_guba,1,Sea,1.497,32.508,1,12,0,0,5,0
2017,Severnaya_guba,1,Sea,1.497,32.508,1,9,5,0,10,0
2017,Severnaya_guba,1,Sea,1.497,32.508,1,19,5,0,0,0
2017,Severnaya_guba,1,Sea,1.497,32.508,2,22,0,0,7,0
2017,Severnaya_guba,1,Sea,1.497,32.508,2,4,0,0,9,2
2017,Severnaya_guba,1,Sea,1.497,32.508,2,9,0,0,6,0
2017,Severnaya_guba,1,Sea,1.497,32.508,3,24,2,0,3,0
2017,Severnaya_guba,1,Sea,1.497,32.508,3,10,0,0,7,0
2017,Severnaya_guba,1,Sea,1.497,32.508,3,9,1,0,1,1
2017,Severnaya_guba,2,Land,1.506,32.5,1,12,3,0,0,0
2017,Severnaya_guba,2,Land,1.506,32.5,1,19,2,0,0,0
2017,Severnaya_guba,2,Land,1.506,32.5,1,13,1,0,0,0
2017,Severnaya_guba,2,Land,1.506,32.5,2,4,0,0,0,0
2017,Severnaya_guba,2,Land,1.506,32.5,2,2,0,0,0,0
2017,Severnaya_guba,2,Land,1.506,32.5,2,21,0,0,0,0
2017,Severnaya_guba,2,Land,1.506,32.5,3,11,0,0,1,0
2017,Severnaya_guba,2,Land,1.506,32.5,3,22,3,0,0,0
2017,Severnaya_guba,2,Land,1.506,32.5,3,5,0,0,0,0
2017,Severnaya_guba,2,Sea,1.506,32.5,1,5,6,0,0,0
2017,Severnaya_guba,2,Sea,1.506,32.5,1,14,1,0,5,0
2017,Severnaya_guba,2,Sea,1.506,32.5,1,24,3,0,4,0
2017,Severnaya_guba,2,Sea,1.506,32.5,2,21,4,0,4,0
2017,Severnaya_guba,2,Sea,1.506,32.5,2,18,3,0,19,0
2017,Severnaya_guba,2,Sea,1.506,32.5,2,17,8,0,7,0
2017,Severnaya_guba,2,Sea,1.506,32.5,3,24,0,0,19,0
2017,Severnaya_guba,2,Sea,1.506,32.5,3,22,2,0,17,0
2017,Severnaya_guba,2,Sea,1.506,32.5,3,21,0,0,17,0
2017,Severnaya_guba,3,Land,1.506,32.524,1,21,0,0,0,0
2017,Severnaya_guba,3,Land,1.506,32.524,1,13,0,0,0,0
2017,Severnaya_guba,3,Land,1.506,32.524,1,1,0,0,0,0
2017,Severnaya_guba,3,Land,1.506,32.524,2,10,0,0,5,1
2017,Severnaya_guba,3,Land,1.506,32.524,2,22,0,0,0,0
2017,Severnaya_guba,3,Land,1.506,32.524,2,24,2,0,0,0
2017,Severnaya_guba,3,Land,1.506,32.524,3,9,0,0,0,0
2017,Severnaya_guba,3,Land,1.506,32.524,3,19,1,0,0,0
2017,Severnaya_guba,3,Land,1.506,32.524,3,10,0,0,0,0
2017,Severnaya_guba,3,Sea,1.506,32.524,1,17,0,0,9,0
2017,Severnaya_guba,3,Sea,1.506,32.524,1,23,0,0,17,0
2017,Severnaya_guba,3,Sea,1.506,32.524,1,21,1,0,6,0
2017,Severnaya_guba,3,Sea,1.506,32.524,2,25,0,0,5,0
2017,Severnaya_guba,3,Sea,1.506,32.524,2,18,0,0,11,0
2017,Severnaya_guba,3,Sea,1.506,32.524,2,9,0,0,14,0
2017,Severnaya_guba,3,Sea,1.506,32.524,3,1,0,0,7,0
2017,Severnaya_guba,3,Sea,1.506,32.524,3,23,0,0,13,0
2017,Severnaya_guba,3,Sea,1.506,32.524,3,3,14,0,0,0
2017,East_site,1,Land,1.221,34.195,1,14,7,0,6,0
2017,East_site,1,Land,1.221,34.195,1,5,4,0,10,0
2017,East_site,1,Land,1.221,34.195,1,21,3,0,4,0
2017,East_site,1,Land,1.221,34.195,2,19,8,0,4,0
2017,East_site,1,Land,1.221,34.195,2,21,5,0,4,0
2017,East_site,1,Land,1.221,34.195,2,13,2,0,8,0
2017,East_site,1,Land,1.221,34.195,3,2,0,0,8,0
2017,East_site,1,Land,1.221,34.195,3,7,5,0,5,0
2017,East_site,1,Land,1.221,34.195,3,10,3,0,9,0
2017,East_site,1,Sea,1.221,34.195,1,25,10,0,0,0
2017,East_site,1,Sea,1.221,34.195,1,21,8,0,0,0
2017,East_site,1,Sea,1.221,34.195,1,13,18,0,0,0
2017,East_site,1,Sea,1.221,34.195,2,4,18,0,0,0
2017,East_site,1,Sea,1.221,34.195,2,14,15,0,0,0
2017,East_site,1,Sea,1.221,34.195,2,3,16,0,0,0
2017,East_site,1,Sea,1.221,34.195,3,1,12,0,0,0
2017,East_site,1,Sea,1.221,34.195,3,11,15,0,1,0
2017,East_site,1,Sea,1.221,34.195,3,20,10,0,0,0
2017,East_site,2,Land,1.225,34.183,1,17,2,0,5,0
2017,East_site,2,Land,1.225,34.183,1,3,0,0,3,0
2017,East_site,2,Land,1.225,34.183,1,9,0,0,5,0
2017,East_site,2,Land,1.225,34.183,2,6,0,0,6,0
2017,East_site,2,Land,1.225,34.183,2,14,0,0,3,0
2017,East_site,2,Land,1.225,34.183,2,19,0,0,8,0
2017,East_site,2,Land,1.225,34.183,3,21,0,0,6,0
2017,East_site,2,Land,1.225,34.183,3,5,0,0,2,0
2017,East_site,2,Land,1.225,34.183,3,25,2,0,3,0
2017,East_site,2,Sea,1.225,34.183,1,5,4,0,3,0
2017,East_site,2,Sea,1.225,34.183,1,13,2,0,5,0
2017,East_site,2,Sea,1.225,34.183,1,4,0,0,9,0
2017,East_site,2,Sea,1.225,34.183,2,1,2,0,5,0
2017,East_site,2,Sea,1.225,34.183,2,9,1,0,8,0
2017,East_site,2,Sea,1.225,34.183,2,12,13,0,2,0
2017,East_site,2,Sea,1.225,34.183,3,25,6,0,4,0
2017,East_site,2,Sea,1.225,34.183,3,10,7,0,4,0
2017,East_site,2,Sea,1.225,34.183,3,14,4,0,4,0
2017,East_site,3,Land,1.228,34.18,1,20,6,0,2,0
2017,East_site,3,Land,1.228,34.18,1,15,10,0,3,0
2017,East_site,3,Land,1.228,34.18,1,1,5,0,0,0
2017,East_site,3,Land,1.228,34.18,2,7,9,0,2,0
2017,East_site,3,Land,1.228,34.18,2,17,3,0,0,0
2017,East_site,3,Land,1.228,34.18,2,10,0,0,7,0
2017,East_site,3,Land,1.228,34.18,3,15,2,0,3,0
2017,East_site,3,Land,1.228,34.18,3,3,3,0,2,0
2017,East_site,3,Land,1.228,34.18,3,14,5,0,1,0
2017,East_site,3,Sea,1.228,34.18,1,12,6,0,0,0
2017,East_site,3,Sea,1.228,34.18,1,16,9,0,0,0
2017,East_site,3,Sea,1.228,34.18,1,15,17,0,2,1
2017,East_site,3,Sea,1.228,34.18,2,13,16,0,0,0
2017,East_site,3,Sea,1.228,34.18,2,3,10,0,0,0
2017,East_site,3,Sea,1.228,34.18,2,12,17,0,0,0
2017,East_site,3,Sea,1.228,34.18,3,25,11,0,0,0
2017,East_site,3,Sea,1.228,34.18,3,20,10,0,0,0
2017,East_site,3,Sea,1.228,34.18,3,16,7,0,0,0
2017,West_site,1,Land,0.702,32.748,1,22,0,0,9,0
2017,West_site,1,Land,0.702,32.748,1,2,0,0,2,0
2017,West_site,1,Land,0.702,32.748,1,18,0,0,8,0
2017,West_site,1,Land,0.702,32.748,2,18,1,0,8,0
2017,West_site,1,Land,0.702,32.748,2,24,0,0,7,0
2017,West_site,1,Land,0.702,32.748,2,8,0,0,4,0
2017,West_site,1,Land,0.702,32.748,3,9,0,0,4,0
2017,West_site,1,Land,0.702,32.748,3,5,0,0,1,1
2017,West_site,1,Land,0.702,32.748,3,10,5,0,0,0
2017,West_site,1,Sea,0.702,32.748,1,2,0,0,0,0
2017,West_site,1,Sea,0.702,32.748,1,12,0,0,8,0
2017,West_site,1,Sea,0.702,32.748,1,13,0,0,3,0
2017,West_site,1,Sea,0.702,32.748,2,2,0,0,0,0
2017,West_site,1,Sea,0.702,32.748,2,19,0,0,18,0
2017,West_site,1,Sea,0.702,32.748,2,16,0,0,10,2
2017,West_site,1,Sea,0.702,32.748,3,25,0,0,12,0
2017,West_site,1,Sea,0.702,32.748,3,3,0,0,0,0
2017,West_site,1,Sea,0.702,32.748,3,17,0,0,4,0
2017,West_site,2,Land,0.705,32.73,1,12,0,0,10,0
2017,West_site,2,Land,0.705,32.73,1,9,0,0,2,0
2017,West_site,2,Land,0.705,32.73,1,10,0,0,5,0
2017,West_site,2,Land,0.705,32.73,2,7,0,0,5,0
2017,West_site,2,Land,0.705,32.73,2,11,0,0,3,0
2017,West_site,2,Land,0.705,32.73,2,17,0,0,3,0
2017,West_site,2,Land,0.705,32.73,3,9,0,0,6,0
2017,West_site,2,Land,0.705,32.73,3,12,0,0,7,0
2017,West_site,2,Land,0.705,32.73,3,19,0,1,4,0
2017,West_site,2,Sea,0.705,32.73,1,17,0,0,9,5
2017,West_site,2,Sea,0.705,32.73,1,22,0,0,9,0
2017,West_site,2,Sea,0.705,32.73,1,4,0,0,2,1
2017,West_site,2,Sea,0.705,32.73,2,18,0,0,3,1
2017,West_site,2,Sea,0.705,32.73,2,20,0,0,1,4
2017,West_site,2,Sea,0.705,32.73,2,7,0,0,3,1
2017,West_site,2,Sea,0.705,32.73,3,2,0,0,0,0
2017,West_site,2,Sea,0.705,32.73,3,14,0,0,6,0
2017,West_site,2,Sea,0.705,32.73,3,1,0,0,0,0
2017,West_site,3,Land,0.713,32.708,1,4,0,0,9,0
2017,West_site,3,Land,0.713,32.708,1,19,0,0,15,0
2017,West_site,3,Land,0.713,32.708,1,2,0,0,7,0
2017,West_site,3,Land,0.713,32.708,2,7,0,0,17,0
2017,West_site,3,Land,0.713,32.708,2,16,2,0,20,0
2017,West_site,3,Land,0.713,32.708,2,25,3,0,3,0
2017,West_site,3,Land,0.713,32.708,3,6,0,0,8,0
2017,West_site,3,Land,0.713,32.708,3,11,0,0,12,0
2017,West_site,3,Land,0.713,32.708,3,4,0,0,3,0
2017,West_site,3,Sea,0.713,32.708,1,5,0,0,7,0
2017,West_site,3,Sea,0.713,32.708,1,25,0,0,17,0
2017,West_site,3,Sea,0.713,32.708,1,7,0,0,13,0
2017,West_site,3,Sea,0.713,32.708,2,4,0,0,20,0
2017,West_site,3,Sea,0.713,32.708,2,22,0,0,5,0
2017,West_site,3,Sea,0.713,32.708,2,11,0,0,4,0
2017,West_site,3,Sea,0.713,32.708,3,9,0,0,3,1
2017,West_site,3,Sea,0.713,32.708,3,5,3,0,7,2
2017,West_site,3,Sea,0.713,32.708,3,3,0,0,13,0
2018,Youzhnaya_guba,1,Land,0.484,34.219,1,15,3,0,5,0
2018,Youzhnaya_guba,1,Land,0.484,34.219,1,25,3,0,2,0
2018,Youzhnaya_guba,1,Land,0.484,34.219,1,1,2,0,6,0
2018,Youzhnaya_guba,1,Land,0.484,34.219,2,8,3,0,0,0
2018,Youzhnaya_guba,1,Land,0.484,34.219,2,17,3,0,2,0
2018,Youzhnaya_guba,1,Land,0.484,34.219,2,25,2,0,0,0
2018,Youzhnaya_guba,1,Land,0.484,34.219,3,2,7,1,2,0
2018,Youzhnaya_guba,1,Land,0.484,34.219,3,16,4,1,1,0
2018,Youzhnaya_guba,1,Land,0.484,34.219,3,19,2,0,5,0
2018,Youzhnaya_guba,1,Sea,0.484,34.219,1,4,1,0,0,0
2018,Youzhnaya_guba,1,Sea,0.484,34.219,1,14,2,0,2,0
2018,Youzhnaya_guba,1,Sea,0.484,34.219,1,20,4,1,5,0
2018,Youzhnaya_guba,1,Sea,0.484,34.219,2,5,3,0,1,0
2018,Youzhnaya_guba,1,Sea,0.484,34.219,2,9,2,0,2,0
2018,Youzhnaya_guba,1,Sea,0.484,34.219,2,21,5,0,1,0
2018,Youzhnaya_guba,1,Sea,0.484,34.219,3,3,1,0,0,0
2018,Youzhnaya_guba,1,Sea,0.484,34.219,3,18,0,0,7,0
2018,Youzhnaya_guba,1,Sea,0.484,34.219,3,23,0,0,9,1
2018,Youzhnaya_guba,2,Land,0.479,34.216,1,1,6,0,0,0
2018,Youzhnaya_guba,2,Land,0.479,34.216,1,10,2,0,0,0
2018,Youzhnaya_guba,2,Land,0.479,34.216,1,17,4,0,0,0
2018,Youzhnaya_guba,2,Land,0.479,34.216,2,2,1,0,0,0
2018,Youzhnaya_guba,2,Land,0.479,34.216,2,8,2,0,0,0
2018,Youzhnaya_guba,2,Land,0.479,34.216,2,13,0,0,0,0
2018,Youzhnaya_guba,2,Land,0.479,34.216,3,18,2,0,0,0
2018,Youzhnaya_guba,2,Land,0.479,34.216,3,20,1,0,0,0
2018,Youzhnaya_guba,2,Land,0.479,34.216,3,25,5,1,0,0
2018,Youzhnaya_guba,2,Sea,0.479,34.216,1,7,5,0,1,0
2018,Youzhnaya_guba,2,Sea,0.479,34.216,1,12,4,0,0,0
2018,Youzhnaya_guba,2,Sea,0.479,34.216,1,20,3,0,0,1
2018,Youzhnaya_guba,2,Sea,0.479,34.216,2,5,1,0,1,0
2018,Youzhnaya_guba,2,Sea,0.479,34.216,2,7,1,0,0,0
2018,Youzhnaya_guba,2,Sea,0.479,34.216,2,24,0,0,0,0
2018,Youzhnaya_guba,2,Sea,0.479,34.216,3,1,0,0,0,1
2018,Youzhnaya_guba,2,Sea,0.479,34.216,3,12,0,0,0,0
2018,Youzhnaya_guba,2,Sea,0.479,34.216,3,23,3,0,0,0
2018,Youzhnaya_guba,3,Land,0.509,34.287,1,3,6,1,4,0
2018,Youzhnaya_guba,3,Land,0.509,34.287,1,6,4,0,0,0
2018,Youzhnaya_guba,3,Land,0.509,34.287,1,8,8,0,0,0
2018,Youzhnaya_guba,3,Land,0.509,34.287,2,5,2,0,2,0
2018,Youzhnaya_guba,3,Land,0.509,34.287,2,9,5,0,1,0
2018,Youzhnaya_guba,3,Land,0.509,34.287,2,18,9,0,0,0
2018,Youzhnaya_guba,3,Land,0.509,34.287,3,7,7,0,0,0
2018,Youzhnaya_guba,3,Land,0.509,34.287,3,12,12,0,0,0
2018,Youzhnaya_guba,3,Land,0.509,34.287,3,21,4,0,0,0
2018,Youzhnaya_guba,3,Sea,0.509,34.287,1,1,4,0,0,0
2018,Youzhnaya_guba,3,Sea,0.509,34.287,1,5,1,0,3,0
2018,Youzhnaya_guba,3,Sea,0.509,34.287,1,12,5,0,3,0
2018,Youzhnaya_guba,3,Sea,0.509,34.287,2,3,1,2,5,1
2018,Youzhnaya_guba,3,Sea,0.509,34.287,2,8,1,0,4,0
2018,Youzhnaya_guba,3,Sea,0.509,34.287,2,21,5,0,0,0
2018,Youzhnaya_guba,3,Sea,0.509,34.287,3,17,7,0,1,0
2018,Youzhnaya_guba,3,Sea,0.509,34.287,3,18,3,0,1,0
2018,Youzhnaya_guba,3,Sea,0.509,34.287,3,25,1,1,1,0
2018,Severnaya_guba,1,Land,1.497,32.508,1,4,7,0,0,0
2018,Severnaya_guba,1,Land,1.497,32.508,1,9,2,0,0,0
2018,Severnaya_guba,1,Land,1.497,32.508,1,18,3,0,0,0
2018,Severnaya_guba,1,Land,1.497,32.508,2,1,0,0,1,0
2018,Severnaya_guba,1,Land,1.497,32.508,2,20,2,1,0,0
2018,Severnaya_guba,1,Land,1.497,32.508,2,25,4,1,0,0
2018,Severnaya_guba,1,Land,1.497,32.508,3,3,3,0,3,0
2018,Severnaya_guba,1,Land,1.497,32.508,3,6,1,0,0,0
2018,Severnaya_guba,1,Land,1.497,32.508,3,14,0,0,4,0
2018,Severnaya_guba,1,Sea,1.497,32.508,1,4,9,0,0,0
2018,Severnaya_guba,1,Sea,1.497,32.508,1,9,3,0,0,0
2018,Severnaya_guba,1,Sea,1.497,32.508,1,18,7,0,0,0
2018,Severnaya_guba,1,Sea,1.497,32.508,2,1,6,0,0,0
2018,Severnaya_guba,1,Sea,1.497,32.508,2,20,6,0,0,0
2018,Severnaya_guba,1,Sea,1.497,32.508,2,25,5,0,0,0
2018,Severnaya_guba,1,Sea,1.497,32.508,3,3,11,0,0,0
2018,Severnaya_guba,1,Sea,1.497,32.508,3,6,9,0,0,0
2018,Severnaya_guba,1,Sea,1.497,32.508,3,14,14,0,0,0
2018,Severnaya_guba,2,Land,1.506,32.5,1,2,11,0,1,0
2018,Severnaya_guba,2,Land,1.506,32.5,1,17,4,0,0,0
2018,Severnaya_guba,2,Land,1.506,32.5,1,19,5,0,1,0
2018,Severnaya_guba,2,Land,1.506,32.5,2,4,4,1,0,0
2018,Severnaya_guba,2,Land,1.506,32.5,2,7,15,1,0,0
2018,Severnaya_guba,2,Land,1.506,32.5,2,16,9,1,2,0
2018,Severnaya_guba,2,Land,1.506,32.5,3,3,3,0,0,0
2018,Severnaya_guba,2,Land,1.506,32.5,3,22,7,0,1,0
2018,Severnaya_guba,2,Land,1.506,32.5,3,24,9,0,0,0
2018,Severnaya_guba,2,Sea,1.506,32.5,1,2,3,0,0,0
2018,Severnaya_guba,2,Sea,1.506,32.5,1,17,7,1,0,0
2018,Severnaya_guba,2,Sea,1.506,32.5,1,19,8,0,0,0
2018,Severnaya_guba,2,Sea,1.506,32.5,2,4,5,0,0,0
2018,Severnaya_guba,2,Sea,1.506,32.5,2,7,6,0,1,0
2018,Severnaya_guba,2,Sea,1.506,32.5,2,16,7,0,1,0
2018,Severnaya_guba,2,Sea,1.506,32.5,3,3,0,0,0,0
2018,Severnaya_guba,2,Sea,1.506,32.5,3,22,7,0,0,0
2018,Severnaya_guba,2,Sea,1.506,32.5,3,24,8,0,0,0
2018,Severnaya_guba,3,Land,1.506,32.524,1,3,18,0,0,0
2018,Severnaya_guba,3,Land,1.506,32.524,1,12,9,1,0,0
2018,Severnaya_guba,3,Land,1.506,32.524,1,19,3,0,1,0
2018,Severnaya_guba,3,Land,1.506,32.524,2,20,4,0,0,0
2018,Severnaya_guba,3,Land,1.506,32.524,2,24,3,0,0,0
2018,Severnaya_guba,3,Land,1.506,32.524,2,15,4,0,0,0
2018,Severnaya_guba,3,Land,1.506,32.524,3,8,0,0,3,0
2018,Severnaya_guba,3,Land,1.506,32.524,3,6,0,0,3,0
2018,Severnaya_guba,3,Land,1.506,32.524,3,15,3,0,1,0
2018,Severnaya_guba,3,Sea,1.506,32.524,1,3,0,0,4,0
2018,Severnaya_guba,3,Sea,1.506,32.524,1,12,0,0,8,0
2018,Severnaya_guba,3,Sea,1.506,32.524,1,19,2,0,2,0
2018,Severnaya_guba,3,Sea,1.506,32.524,2,20,10,0,0,0
2018,Severnaya_guba,3,Sea,1.506,32.524,2,24,13,0,0,0
2018,Severnaya_guba,3,Sea,1.506,32.524,2,15,9,0,0,0
2018,Severnaya_guba,3,Sea,1.506,32.524,3,8,2,0,0,0
2018,Severnaya_guba,3,Sea,1.506,32.524,3,6,12,0,0,0
2018,Severnaya_guba,3,Sea,1.506,32.524,3,15,5,0,0,0
2018,East_site,1,Land,1.221,34.195,1,3,0,0,2,1
2018,East_site,1,Land,1.221,34.195,1,8,0,0,1,0
2018,East_site,1,Land,1.221,34.195,1,15,2,0,4,0
2018,East_site,1,Land,1.221,34.195,2,2,1,0,1,1
2018,East_site,1,Land,1.221,34.195,2,7,1,0,3,0
2018,East_site,1,Land,1.221,34.195,2,21,0,0,4,1
2018,East_site,1,Land,1.221,34.195,3,10,0,0,2,0
2018,East_site,1,Land,1.221,34.195,3,13,1,0,1,0
2018,East_site,1,Land,1.221,34.195,3,24,1,0,1,0
2018,East_site,1,Sea,1.221,34.195,1,3,7,0,0,0
2018,East_site,1,Sea,1.221,34.195,1,8,12,0,1,0
2018,East_site,1,Sea,1.221,34.195,1,15,4,0,1,0
2018,East_site,1,Sea,1.221,34.195,2,2,1,0,2,0
2018,East_site,1,Sea,1.221,34.195,2,7,0,0,4,0
2018,East_site,1,Sea,1.221,34.195,2,21,1,0,5,0
2018,East_site,1,Sea,1.221,34.195,3,10,0,0,4,0
2018,East_site,1,Sea,1.221,34.195,3,13,9,0,5,0
2018,East_site,1,Sea,1.221,34.195,3,24,0,0,1,0
2018,East_site,2,Land,1.225,34.183,1,1,0,0,0,0
2018,East_site,2,Land,1.225,34.183,1,8,0,0,2,0
2018,East_site,2,Land,1.225,34.183,1,16,1,0,0,0
2018,East_site,2,Land,1.225,34.183,2,9,0,0,3,0
2018,East_site,2,Land,1.225,34.183,2,17,1,0,2,0
2018,East_site,2,Land,1.225,34.183,2,22,0,0,8,0
2018,East_site,2,Land,1.225,34.183,3,5,0,0,1,0
2018,East_site,2,Land,1.225,34.183,3,6,0,0,0,0
2018,East_site,2,Land,1.225,34.183,3,11,0,0,1,0
2018,East_site,2,Sea,1.225,34.183,1,1,5,0,0,0
2018,East_site,2,Sea,1.225,34.183,1,8,0,0,4,0
2018,East_site,2,Sea,1.225,34.183,1,16,0,2,4,0
2018,East_site,2,Sea,1.225,34.183,2,9,0,0,1,0
2018,East_site,2,Sea,1.225,34.183,2,17,0,0,1,0
2018,East_site,2,Sea,1.225,34.183,2,22,0,0,1,0
2018,East_site,2,Sea,1.225,34.183,3,5,0,0,2,0
2018,East_site,2,Sea,1.225,34.183,3,6,1,0,0,0
2018,East_site,2,Sea,1.225,34.183,3,11,0,0,1,0
2018,East_site,3,Land,1.228,34.18,1,5,0,0,0,0
2018,East_site,3,Land,1.228,34.18,1,8,1,0,1,0
2018,East_site,3,Land,1.228,34.18,1,13,0,0,7,0
2018,East_site,3,Land,1.228,34.18,2,1,2,0,0,0
2018,East_site,3,Land,1.228,34.18,2,10,0,0,2,0
2018,East_site,3,Land,1.228,34.18,2,18,3,0,0,0
2018,East_site,3,Land,1.228,34.18,3,3,2,0,0,0
2018,East_site,3,Land,1.228,34.18,3,17,0,0,0,0
2018,East_site,3,Land,1.228,34.18,3,23,0,0,1,0
2018,East_site,3,Sea,1.228,34.18,1,5,0,0,4,2
2018,East_site,3,Sea,1.228,34.18,1,8,1,0,3,0
2018,East_site,3,Sea,1.228,34.18,1,13,4,0,4,0
2018,East_site,3,Sea,1.228,34.18,2,1,1,0,0,0
2018,East_site,3,Sea,1.228,34.18,2,10,0,0,1,0
2018,East_site,3,Sea,1.228,34.18,2,18,4,0,0,0
2018,East_site,3,Sea,1.228,34.18,3,3,0,0,7,0
2018,East_site,3,Sea,1.228,34.18,3,17,0,0,6,1
2018,East_site,3,Sea,1.228,34.18,3,23,3,0,6,0
2018,West_site,1,Land,0.702,32.748,1,11,1,0,0,0
2018,West_site,1,Land,0.702,32.748,1,13,0,0,9,1
2018,West_site,1,Land,0.702,32.748,1,8,2,0,8,0
2018,West_site,1,Land,0.702,32.748,2,4,2,0,5,0
2018,West_site,1,Land,0.702,32.748,2,10,0,0,4,0
2018,West_site,1,Land,0.702,32.748,2,15,0,0,4,0
2018,West_site,1,Land,0.702,32.748,3,8,3,0,2,0
2018,West_site,1,Land,0.702,32.748,3,11,5,0,0,0
2018,West_site,1,Land,0.702,32.748,3,17,1,0,6,0
2018,West_site,1,Sea,0.702,32.748,1,19,3,0,0,0
2018,West_site,1,Sea,0.702,32.748,1,24,0,0,0,0
2018,West_site,1,Sea,0.702,32.748,1,5,1,0,0,0
2018,West_site,1,Sea,0.702,32.748,2,9,2,0,0,2
2018,West_site,1,Sea,0.702,32.748,2,18,1,0,4,0
2018,West_site,1,Sea,0.702,32.748,2,20,0,0,0,0
2018,West_site,1,Sea,0.702,32.748,3,10,1,0,4,0
2018,West_site,1,Sea,0.702,32.748,3,11,0,2,4,0
2018,West_site,1,Sea,0.702,32.748,3,5,1,0,1,0
2018,West_site,2,Land,0.705,32.73,1,19,2,0,7,1
2018,West_site,2,Land,0.705,32.73,1,17,3,0,0,0
2018,West_site,2,Land,0.705,32.73,1,1,2,1,0,0
2018,West_site,2,Land,0.705,32.73,2,8,2,0,0,0
2018,West_site,2,Land,0.705,32.73,2,3,3,0,0,0
2018,West_site,2,Land,0.705,32.73,2,13,1,0,1,0
2018,West_site,2,Land,0.705,32.73,3,11,1,0,0,0
2018,West_site,2,Land,0.705,32.73,3,15,1,0,5,0
2018,West_site,2,Land,0.705,32.73,3,9,1,0,2,0
2018,West_site,2,Sea,0.705,32.73,1,15,1,0,3,0
2018,West_site,2,Sea,0.705,32.73,1,4,1,0,2,0
2018,West_site,2,Sea,0.705,32.73,1,21,0,0,0,0
2018,West_site,2,Sea,0.705,32.73,2,5,2,0,0,0
2018,West_site,2,Sea,0.705,32.73,2,1,6,0,2,0
2018,West_site,2,Sea,0.705,32.73,2,18,2,0,3,2
2018,West_site,2,Sea,0.705,32.73,3,20,1,0,0,0
2018,West_site,2,Sea,0.705,32.73,3,14,2,0,0,0
2018,West_site,2,Sea,0.705,32.73,3,1,0,0,0,0
2018,West_site,3,Land,0.713,32.708,1,8,1,0,5,0
2018,West_site,3,Land,0.713,32.708,1,16,3,0,0,0
2018,West_site,3,Land,0.713,32.708,1,21,2,0,0,0
2018,West_site,3,Land,0.713,32.708,2,11,0,0,0,0
2018,West_site,3,Land,0.713,32.708,2,17,1,0,3,0
2018,West_site,3,Land,0.713,32.708,2,24,0,0,3,0
2018,West_site,3,Land,0.713,32.708,3,1,2,0,4,0
2018,West_site,3,Land,0.713,32.708,3,5,1,0,3,1
2018,West_site,3,Land,0.713,32.708,3,4,1,0,4,1
2018,West_site,3,Sea,0.713,32.708,1,2,0,0,3,0
2018,West_site,3,Sea,0.713,32.708,1,4,0,0,1,1
2018,West_site,3,Sea,0.713,32.708,1,25,2,0,0,0
2018,West_site,3,Sea,0.713,32.708,2,19,0,0,1,0
2018,West_site,3,Sea,0.713,32.708,2,7,2,0,0,0
2018,West_site,3,Sea,0.713,32.708,2,22,0,0,0,3
2018,West_site,3,Sea,0.713,32.708,3,5,2,0,0,0
2018,West_site,3,Sea,0.713,32.708,3,18,4,1,0,0
2018,West_site,3,Sea,0.713,32.708,3,24,2,0,0,0
2019,Youzhnaya_guba,1,Land,0.507,34.36,1,2,10,0,0,0
2019,Youzhnaya_guba,1,Land,0.507,34.36,1,5,12,0,0,0
2019,Youzhnaya_guba,1,Land,0.507,34.36,1,20,16,0,0,0
2019,Youzhnaya_guba,1,Land,0.507,34.36,2,3,22,0,0,0
2019,Youzhnaya_guba,1,Land,0.507,34.36,2,9,25,0,2,0
2019,Youzhnaya_guba,1,Land,0.507,34.36,2,18,32,0,1,0
2019,Youzhnaya_guba,1,Land,0.507,34.36,3,1,10,0,0,0
2019,Youzhnaya_guba,1,Land,0.507,34.36,3,17,34,0,1,2
2019,Youzhnaya_guba,1,Land,0.507,34.36,3,25,9,0,3,1
2019,Youzhnaya_guba,1,Sea,0.507,34.36,1,4,30,0,0,0
2019,Youzhnaya_guba,1,Sea,0.507,34.36,1,13,33,0,0,0
2019,Youzhnaya_guba,1,Sea,0.507,34.36,1,22,28,0,0,0
2019,Youzhnaya_guba,1,Sea,0.507,34.36,2,5,13,1,2,1
2019,Youzhnaya_guba,1,Sea,0.507,34.36,2,11,24,0,0,0
2019,Youzhnaya_guba,1,Sea,0.507,34.36,2,19,32,0,2,0
2019,Youzhnaya_guba,1,Sea,0.507,34.36,3,2,28,0,0,0
2019,Youzhnaya_guba,1,Sea,0.507,34.36,3,6,35,0,0,0
2019,Youzhnaya_guba,1,Sea,0.507,34.36,3,24,34,1,0,0
2019,Youzhnaya_guba,2,Land,0.507,34.344,1,6,13,1,4,0
2019,Youzhnaya_guba,2,Land,0.507,34.344,1,25,14,0,1,0
2019,Youzhnaya_guba,2,Land,0.507,34.344,1,13,28,0,2,0
2019,Youzhnaya_guba,2,Land,0.507,34.344,2,7,9,0,7,0
2019,Youzhnaya_guba,2,Land,0.507,34.344,2,23,13,0,5,0
2019,Youzhnaya_guba,2,Land,0.507,34.344,2,14,13,0,3,1
2019,Youzhnaya_guba,2,Land,0.507,34.344,3,16,15,0,0,0
2019,Youzhnaya_guba,2,Land,0.507,34.344,3,3,14,0,2,0
2019,Youzhnaya_guba,2,Land,0.507,34.344,3,22,20,0,1,0
2019,Youzhnaya_guba,2,Sea,0.507,34.344,1,4,18,1,0,0
2019,Youzhnaya_guba,2,Sea,0.507,34.344,1,12,24,1,3,0
2019,Youzhnaya_guba,2,Sea,0.507,34.344,1,23,4,0,4,2
2019,Youzhnaya_guba,2,Sea,0.507,34.344,2,1,12,0,5,0
2019,Youzhnaya_guba,2,Sea,0.507,34.344,2,7,21,0,1,0
2019,Youzhnaya_guba,2,Sea,0.507,34.344,2,11,8,0,4,0
2019,Youzhnaya_guba,2,Sea,0.507,34.344,3,5,20,1,0,0
2019,Youzhnaya_guba,2,Sea,0.507,34.344,3,10,24,0,0,0
2019,Youzhnaya_guba,2,Sea,0.507,34.344,3,16,12,0,1,0
2019,Youzhnaya_guba,3,Land,0.504,34.304,1,9,31,1,0,0
2019,Youzhnaya_guba,3,Land,0.504,34.304,1,15,30,1,0,0
2019,Youzhnaya_guba,3,Land,0.504,34.304,1,25,31,0,0,0
2019,Youzhnaya_guba,3,Land,0.504,34.304,2,13,32,0,3,0
2019,Youzhnaya_guba,3,Land,0.504,34.304,2,2,18,0,3,0
2019,Youzhnaya_guba,3,Land,0.504,34.304,2,20,32,0,1,0
2019,Youzhnaya_guba,3,Land,0.504,34.304,3,4,13,0,3,0
2019,Youzhnaya_guba,3,Land,0.504,34.304,3,17,18,1,0,0
2019,Youzhnaya_guba,3,Land,0.504,34.304,3,23,14,1,0,0
2019,Youzhnaya_guba,3,Sea,0.504,34.304,1,9,16,0,0,0
2019,Youzhnaya_guba,3,Sea,0.504,34.304,1,13,21,0,1,0
2019,Youzhnaya_guba,3,Sea,0.504,34.304,1,20,3,0,5,0
2019,Youzhnaya_guba,3,Sea,0.504,34.304,2,6,11,0,0,0
2019,Youzhnaya_guba,3,Sea,0.504,34.304,2,11,10,0,0,0
2019,Youzhnaya_guba,3,Sea,0.504,34.304,2,22,10,0,0,0
2019,Youzhnaya_guba,3,Sea,0.504,34.304,3,7,19,0,0,0
2019,Youzhnaya_guba,3,Sea,0.504,34.304,3,10,17,0,0,0
2019,Youzhnaya_guba,3,Sea,0.504,34.304,3,23,15,0,0,0
2019,Youzhnaya_guba,1,Land,0.507,34.360,1,2,10,0,0,0
2019,Youzhnaya_guba,1,Land,0.507,34.360,1,5,12,0,0,0
2019,Youzhnaya_guba,1,Land,0.507,34.360,1,20,16,0,0,0
2019,Youzhnaya_guba,1,Land,0.507,34.360,2,3,22,0,0,0
2019,Youzhnaya_guba,1,Land,0.507,34.360,2,9,25,0,2,0
2019,Youzhnaya_guba,1,Land,0.507,34.360,2,18,32,0,1,0
2019,Youzhnaya_guba,1,Land,0.507,34.360,3,1,10,0,0,0
2019,Youzhnaya_guba,1,Land,0.507,34.360,3,17,34,0,1,2
2019,Youzhnaya_guba,1,Land,0.507,34.360,3,25,9,0,3,1
2019,Youzhnaya_guba,1,Sea,0.507,34.360,1,4,30,0,0,0
2019,Youzhnaya_guba,1,Sea,0.507,34.360,1,13,33,0,0,0
2019,Youzhnaya_guba,1,Sea,0.507,34.360,1,22,28,0,0,0
2019,Youzhnaya_guba,1,Sea,0.507,34.360,2,5,13,1,2,1
2019,Youzhnaya_guba,1,Sea,0.507,34.360,2,11,24,0,0,0
2019,Youzhnaya_guba,1,Sea,0.507,34.360,2,19,32,0,2,0
2019,Youzhnaya_guba,1,Sea,0.507,34.360,3,2,28,0,0,0
2019,Youzhnaya_guba,1,Sea,0.507,34.360,3,6,35,0,0,0
2019,Youzhnaya_guba,1,Sea,0.507,34.360,3,24,34,1,0,0
2019,Youzhnaya_guba,2,Land,0.507,34.344,1,6,13,1,4,0
2019,Youzhnaya_guba,2,Land,0.507,34.344,1,25,14,0,1,0
2019,Youzhnaya_guba,2,Land,0.507,34.344,1,13,28,0,2,0
2019,Youzhnaya_guba,2,Land,0.507,34.344,2,7,9,0,7,0
2019,Youzhnaya_guba,2,Land,0.507,34.344,2,23,13,0,5,0
2019,Youzhnaya_guba,2,Land,0.507,34.344,2,14,13,0,3,1
2019,Youzhnaya_guba,2,Land,0.507,34.344,3,16,15,0,0,0
2019,Youzhnaya_guba,2,Land,0.507,34.344,3,3,14,0,2,0
2019,Youzhnaya_guba,2,Land,0.507,34.344,3,22,20,0,1,0
2019,Youzhnaya_guba,2,Sea,0.507,34.344,1,4,18,1,0,0
2019,Youzhnaya_guba,2,Sea,0.507,34.344,1,12,24,1,3,0
2019,Youzhnaya_guba,2,Sea,0.507,34.344,1,23,4,0,4,2
2019,Youzhnaya_guba,2,Sea,0.507,34.344,2,1,12,0,5,0
2019,Youzhnaya_guba,2,Sea,0.507,34.344,2,7,21,0,1,0
2019,Youzhnaya_guba,2,Sea,0.507,34.344,2,11,8,0,4,0
2019,Youzhnaya_guba,2,Sea,0.507,34.344,3,5,20,1,0,0
2019,Youzhnaya_guba,2,Sea,0.507,34.344,3,10,24,0,0,0
2019,Youzhnaya_guba,2,Sea,0.507,34.344,3,16,12,0,1,0
2019,Youzhnaya_guba,3,Land,0.504,34.304,1,9,31,1,0,0
2019,Youzhnaya_guba,3,Land,0.504,34.304,1,15,30,1,0,0
2019,Youzhnaya_guba,3,Land,0.504,34.304,1,25,31,0,0,0
2019,Youzhnaya_guba,3,Land,0.504,34.304,2,13,32,0,3,0
2019,Youzhnaya_guba,3,Land,0.504,34.304,2,2,18,0,3,0
2019,Youzhnaya_guba,3,Land,0.504,34.304,2,20,32,0,1,0
2019,Youzhnaya_guba,3,Land,0.504,34.304,3,4,13,0,3,0
2019,Youzhnaya_guba,3,Land,0.504,34.304,3,17,18,1,0,0
2019,Youzhnaya_guba,3,Land,0.504,34.304,3,23,14,1,0,0
2019,Youzhnaya_guba,3,Sea,0.504,34.304,1,9,16,0,0,0
2019,Youzhnaya_guba,3,Sea,0.504,34.304,1,13,21,0,1,0
2019,Youzhnaya_guba,3,Sea,0.504,34.304,1,20,3,0,5,0
2019,Youzhnaya_guba,3,Sea,0.504,34.304,2,6,11,0,0,0
2019,Youzhnaya_guba,3,Sea,0.504,34.304,2,11,10,0,0,0
2019,Youzhnaya_guba,3,Sea,0.504,34.304,2,22,10,0,0,0
2019,Youzhnaya_guba,3,Sea,0.504,34.304,3,7,19,0,0,0
2019,Youzhnaya_guba,3,Sea,0.504,34.304,3,10,17,0,0,0
2019,Youzhnaya_guba,3,Sea,0.504,34.304,3,23,15,0,0,0
2019,East_site,1,Land,01.230,34.183,1,3,7,1,4,2
2019,East_site,1,Land,01.230,34.183,1,12,10,0,1,1
2019,East_site,1,Land,01.230,34.183,1,17,15,0,0,0
2019,East_site,1,Land,01.230,34.183,2,7,11,0,0,0
2019,East_site,1,Land,01.230,34.183,2,13,23,0,2,0
2019,East_site,1,Land,01.230,34.183,2,23,24,1,0,0
2019,East_site,1,Land,01.230,34.183,3,8,19,0,2,0
2019,East_site,1,Land,01.230,34.183,3,16,19,0,0,0
2019,East_site,1,Land,01.230,34.183,3,22,20,0,0,0
2019,East_site,1,Sea,01.230,34.183,1,7,8,0,2,0
2019,East_site,1,Sea,01.230,34.183,1,11,10,1,1,0
2019,East_site,1,Sea,01.230,34.183,1,19,12,0,3,0
2019,East_site,1,Sea,01.230,34.183,2,4,10,0,0,0
2019,East_site,1,Sea,01.230,34.183,2,15,11,0,4,2
2019,East_site,1,Sea,01.230,34.183,2,21,5,1,2,1
2019,East_site,1,Sea,01.230,34.183,3,24,15,0,3,0
2019,East_site,1,Sea,01.230,34.183,3,8,0,0,9,3
2019,East_site,1,Sea,01.230,34.183,3,13,11,1,6,0
2019,East_site,2,Land,01.230,34.183,1,2,1,0,6,0
2019,East_site,2,Land,01.230,34.183,1,12,6,0,8,0
2019,East_site,2,Land,01.230,34.183,1,20,4,0,1,0
2019,East_site,2,Land,01.230,34.183,2,19,2,0,7,0
2019,East_site,2,Land,01.230,34.183,2,6,14,0,2,0
2019,East_site,2,Land,01.230,34.183,2,23,2,0,11,0
2019,East_site,2,Land,01.230,34.183,3,13,7,2,2,0
2019,East_site,2,Land,01.230,34.183,3,15,12,1,0,0
2019,East_site,2,Land,01.230,34.183,3,21,17,0,1,0
2019,East_site,2,Sea,01.230,34.183,1,10,0,0,11,2
2019,East_site,2,Sea,01.230,34.183,1,13,7,0,10,1
2019,East_site,2,Sea,01.230,34.183,1,18,5,0,7,1
2019,East_site,2,Sea,01.230,34.183,2,11,20,2,2,0
2019,East_site,2,Sea,01.230,34.183,2,3,21,0,5,1
2019,East_site,2,Sea,01.230,34.183,2,20,28,0,2,0
2019,East_site,2,Sea,01.230,34.183,3,1,12,0,8,0
2019,East_site,2,Sea,01.230,34.183,3,14,10,1,7,0
2019,East_site,2,Sea,01.230,34.183,3,25,9,1,1,0
2019,East_site,3,Land,01.230,34.183,1,5,12,0,0,0
2019,East_site,3,Land,01.230,34.183,1,18,4,0,5,2
2019,East_site,3,Land,01.230,34.183,1,22,19,0,2,0
2019,East_site,3,Land,01.230,34.183,2,19,13,0,2,0
2019,East_site,3,Land,01.230,34.183,2,23,20,1,1,0
2019,East_site,3,Land,01.230,34.183,2,1,10,0,3,1
2019,East_site,3,Land,01.230,34.183,3,16,12,0,5,1
2019,East_site,3,Land,01.230,34.183,3,15,13,0,0,0
2019,East_site,3,Land,01.230,34.183,3,7,11,0,3,0
2019,East_site,3,Sea,01.230,34.183,1,2,27,5,0,0
2019,East_site,3,Sea,01.230,34.183,1,12,23,0,3,1
2019,East_site,3,Sea,01.230,34.183,1,21,10,0,6,2
2019,East_site,3,Sea,01.230,34.183,2,4,18,2,4,0
2019,East_site,3,Sea,01.230,34.183,2,9,0,0,8,2
2019,East_site,3,Sea,01.230,34.183,2,24,25,2,0,0
2019,East_site,3,Sea,01.230,34.183,3,1,16,1,0,0
2019,East_site,3,Sea,01.230,34.183,3,2,25,2,0,0
2019,East_site,3,Sea,01.230,34.183,3,3,27,2,1,0
2019,Severnaya_guba,1,Land,01.565,32.507,1,3,0,0,10,0
2019,Severnaya_guba,1,Land,01.565,32.507,1,18,2,0,10,0
2019,Severnaya_guba,1,Land,01.565,32.507,1,22,0,0,10,0
2019,Severnaya_guba,1,Land,01.565,32.507,2,4,1,0,3,0
2019,Severnaya_guba,1,Land,01.565,32.507,2,9,0,0,7,0
2019,Severnaya_guba,1,Land,01.565,32.507,2,13,3,0,9,0
2019,Severnaya_guba,1,Land,01.565,32.507,3,25,4,0,11,0
2019,Severnaya_guba,1,Land,01.565,32.507,3,1,4,1,0,0
2019,Severnaya_guba,1,Land,01.565,32.507,3,14,2,0,10,0
2019,Severnaya_guba,1,Sea,01.565,32.507,1,2,13,2,0,0
2019,Severnaya_guba,1,Sea,01.565,32.507,1,10,14,0,1,0
2019,Severnaya_guba,1,Sea,01.565,32.507,1,21,6,3,3,0
2019,Severnaya_guba,1,Sea,01.565,32.507,2,12,15,2,10,0
2019,Severnaya_guba,1,Sea,01.565,32.507,2,5,16,0,0,0
2019,Severnaya_guba,1,Sea,01.565,32.507,2,24,18,0,6,0
2019,Severnaya_guba,1,Sea,01.565,32.507,3,3,9,1,1,0
2019,Severnaya_guba,1,Sea,01.565,32.507,3,13,6,3,4,0
2019,Severnaya_guba,1,Sea,01.565,32.507,3,23,7,3,4,0
2019,Severnaya_guba,2,Land,01.565,32.507,1,4,13,1,0,0
2019,Severnaya_guba,2,Land,01.565,32.507,1,16,14,2,0,0
2019,Severnaya_guba,2,Land,01.565,32.507,1,20,25,0,0,0
2019,Severnaya_guba,2,Land,01.565,32.507,2,7,4,0,13,0
2019,Severnaya_guba,2,Land,01.565,32.507,2,17,23,1,4,0
2019,Severnaya_guba,2,Land,01.565,32.507,2,21,18,1,0,0
2019,Severnaya_guba,2,Land,01.565,32.507,3,2,9,1,0,1
2019,Severnaya_guba,2,Land,01.565,32.507,3,19,11,1,7,0
2019,Severnaya_guba,2,Land,01.565,32.507,3,23,15,0,12,0
2019,Severnaya_guba,2,Sea,01.565,32.507,1,8,6,1,0,0
2019,Severnaya_guba,2,Sea,01.565,32.507,1,9,6,3,0,0
2019,Severnaya_guba,2,Sea,01.565,32.507,1,14,11,1,0,0
2019,Severnaya_guba,2,Sea,01.565,32.507,2,1,2,0,0,0
2019,Severnaya_guba,2,Sea,01.565,32.507,2,12,8,0,0,0
2019,Severnaya_guba,2,Sea,01.565,32.507,2,25,8,1,0,0
2019,Severnaya_guba,2,Sea,01.565,32.507,3,13,7,0,0,0
2019,Severnaya_guba,2,Sea,01.565,32.507,3,19,5,1,0,0
2019,Severnaya_guba,2,Sea,01.565,32.507,3,24,2,1,0,0
2019,Severnaya_guba,3,Land,01.565,32.507,1,5,20,0,2,2
2019,Severnaya_guba,3,Land,01.565,32.507,1,13,18,0,7,0
2019,Severnaya_guba,3,Land,01.565,32.507,1,22,14,0,7,0
2019,Severnaya_guba,3,Land,01.565,32.507,2,1,10,1,5,0
2019,Severnaya_guba,3,Land,01.565,32.507,2,10,28,0,0,0
2019,Severnaya_guba,3,Land,01.565,32.507,2,19,20,1,0,0
2019,Severnaya_guba,3,Land,01.565,32.507,3,18,14,1,7,0
2019,Severnaya_guba,3,Land,01.565,32.507,3,3,4,0,11,0
2019,Severnaya_guba,3,Land,01.565,32.507,3,6,20,5,0,0
2019,Severnaya_guba,3,Sea,01.565,32.507,1,9,27,0,6,0
2019,Severnaya_guba,3,Sea,01.565,32.507,1,2,30,0,0,0
2019,Severnaya_guba,3,Sea,01.565,32.507,1,21,24,0,7,0
2019,Severnaya_guba,3,Sea,01.565,32.507,2,3,29,3,0,0
2019,Severnaya_guba,3,Sea,01.565,32.507,2,20,44,0,0,0
2019,Severnaya_guba,3,Sea,01.565,32.507,2,23,23,1,0,0
2019,Severnaya_guba,3,Sea,01.565,32.507,3,11,26,4,1,0
2019,Severnaya_guba,3,Sea,01.565,32.507,3,5,4,0,6,0
2019,Severnaya_guba,3,Sea,01.565,32.507,3,17,23,5,2,0
2019,west_site,1,Land,0.810,32.481,1,8,16,2,4,0
2019,west_site,1,Land,0.810,32.481,1,16,20,0,4,1
2019,west_site,1,Land,0.810,32.481,1,24,7,0,6,0
2019,west_site,1,Land,0.810,32.481,2,1,11,0,6,0
2019,west_site,1,Land,0.810,32.481,2,15,11,0,4,0
2019,west_site,1,Land,0.810,32.481,2,10,22,0,1,0
2019,west_site,1,Land,0.810,32.481,3,5,28,0,0,0
2019,west_site,1,Land,0.810,32.481,3,2,24,0,1,0
2019,west_site,1,Land,0.810,32.481,3,6,32,21,1,0
2019,west_site,1,Sea,0.810,32.481,1,9,21,0,2,0
2019,west_site,1,Sea,0.810,32.481,1,18,19,0,7,0
2019,west_site,1,Sea,0.810,32.481,1,25,14,0,6,0
2019,west_site,1,Sea,0.810,32.481,2,11,37,2,0,0
2019,west_site,1,Sea,0.810,32.481,2,21,41,0,2,0
2019,west_site,1,Sea,0.810,32.481,2,1,20,1,2,0
2019,west_site,1,Sea,0.810,32.481,3,3,28,0,3,0
2019,west_site,1,Sea,0.810,32.481,3,12,20,0,3,0
2019,west_site,1,Sea,0.810,32.481,3,17,22,0,5,0
2019,west_site,2,Land,0.810,32.481,1,19,19,0,2,0
2019,west_site,2,Land,0.810,32.481,1,22,19,1,5,0
2019,west_site,2,Land,0.810,32.481,1,23,16,1,11,0
2019,west_site,2,Land,0.810,32.481,2,17,25,2,0,0
2019,west_site,2,Land,0.810,32.481,2,14,35,2,0,0
2019,west_site,2,Land,0.810,32.481,2,13,29,2,2,0
2019,west_site,2,Land,0.810,32.481,3,8,29,1,2,0
2019,west_site,2,Land,0.810,32.481,3,5,22,0,0,0
2019,west_site,2,Land,0.810,32.481,3,3,33,1,0,0
2019,west_site,2,Sea,0.810,32.481,1,7,3,0,11,0
2019,west_site,2,Sea,0.810,32.481,1,6,17,0,7,2
2019,west_site,2,Sea,0.810,32.481,1,20,17,0,6,0
2019,west_site,2,Sea,0.810,32.481,2,15,20,0,5,0
2019,west_site,2,Sea,0.810,32.481,2,17,30,0,3,0
2019,west_site,2,Sea,0.810,32.481,2,25,41,0,0,0
2019,west_site,2,Sea,0.810,32.481,3,16,35,1,0,0
2019,west_site,2,Sea,0.810,32.481,3,12,15,1,6,0
2019,west_site,2,Sea,0.810,32.481,3,8,5,0,7,0
2019,west_site,3,Land,0.810,32.481,1,1,37,0,1,0
2019,west_site,3,Land,0.810,32.481,1,4,14,0,3,0
2019,west_site,3,Land,0.810,32.481,1,7,23,0,4,0
2019,west_site,3,Land,0.810,32.481,2,10,18,1,6,0
2019,west_site,3,Land,0.810,32.481,2,3,27,2,4,0
2019,west_site,3,Land,0.810,32.481,2,18,25,1,0,0
2019,west_site,3,Land,0.810,32.481,3,5,26,1,0,0
2019,west_site,3,Land,0.810,32.481,3,24,29,0,3,0
2019,west_site,3,Land,0.810,32.481,3,12,25,1,0,0
2019,west_site,3,Sea,0.810,32.481,1,1,29,1,0,0
2019,west_site,3,Sea,0.810,32.481,1,9,33,0,2,0
2019,west_site,3,Sea,0.810,32.481,1,18,35,1,2,1
2019,west_site,3,Sea,0.810,32.481,2,24,12,0,5,0
2019,west_site,3,Sea,0.810,32.481,2,25,34,0,1,0
2019,west_site,3,Sea,0.810,32.481,2,3,13,0,5,0
2019,west_site,3,Sea,0.810,32.481,3,15,33,1,1,0
2019,west_site,3,Sea,0.810,32.481,3,9,33,0,0,0
2019,west_site,3,Sea,0.810,32.481,3,19,23,1,3,0
